typename,inches,width,height,clock_speed,ram,disk_size,weight,ubm_effective_speed,price_euros
Ultrabook,13.3,2560,1600,2.3,8,128,1.37,7.49,1339.69
Ultrabook,13.3,1440,900,1.8,8,128,1.34,5.88,898.94
Notebook,15.6,1920,1080,2.5,8,256,1.86,4.54,575.0
Ultrabook,13.3,2560,1600,3.1,8,256,1.37,8.55,1803.6
Notebook,15.6,1366,768,3.0,4,500,2.1,2.05,400.0
Ultrabook,13.3,1440,900,1.8,8,256,1.34,5.88,1158.7
Ultrabook,14.0,1920,1080,1.8,16,512,1.3,13.7,1495.0
Ultrabook,14.0,1920,1080,1.6,8,256,1.6,4.8,770.0
Notebook,15.6,1366,768,2.5,4,500,1.86,4.54,393.9
Notebook,15.6,1920,1080,2.0,4,500,1.86,4.2,344.99
Ultrabook,12.0,2304,1440,1.2,8,256,0.92,3.4,1262.4
Ultrabook,13.3,2560,1600,2.3,8,256,1.37,7.49,1518.55
Notebook,15.6,1920,1080,2.4,8,1000,2.2,8.62,499.0
Ultrabook,13.3,1920,1080,1.6,8,128,1.22,4.8,979.0
Netbook,11.6,1366,768,1.44,2,32,0.98,3.18,191.9
Gaming,15.6,1920,1080,2.5,8,1128,2.5,25.7,999.0
2 in 1 Convertible,13.3,1920,1080,1.6,8,256,1.62,4.8,819.0
Ultrabook,15.6,1920,1080,1.8,8,256,1.91,4.54,659.0
Notebook,15.6,1366,768,2.0,4,1000,2.3,4.2,418.64
Ultrabook,13.3,1440,900,1.6,8,128,1.35,5.88,1099.0
Notebook,15.6,1920,1080,1.6,8,256,2.2,6.64,800.0
Ultrabook,15.6,1920,1080,1.9,8,256,1.88,4.8,1298.0
Notebook,17.3,1920,1080,1.6,8,1000,2.5,7.91,896.0
Notebook,15.6,1920,1080,1.44,4,64,1.89,1.56,244.99
Notebook,17.3,1920,1080,2.5,4,500,2.71,6.64,439.0
Ultrabook,13.3,3200,1800,1.8,16,512,1.2,4.8,1869.0
Ultrabook,13.3,1440,900,1.6,8,256,1.35,5.88,998.0
Notebook,14.0,1366,768,1.1,4,64,1.44,3.44,249.0
Notebook,15.6,1366,768,2.7,4,1000,2.1,4.54,367.0
Notebook,17.3,1920,1080,1.6,8,1128,2.8,6.64,979.0
Notebook,15.6,1366,768,2.5,4,1000,1.86,4.54,488.69
Notebook,15.6,1920,1080,1.6,8,256,2.1,7.91,879.0
Notebook,15.6,1920,1080,2.0,4,1000,2.0,4.54,389.0
Gaming,15.6,1920,1080,2.8,16,1256,2.65,46.7,1499.0
Notebook,15.6,1366,768,2.5,8,1000,2.3,8.62,522.99
Notebook,15.6,1920,1080,1.6,4,256,2.2,4.8,682.0
2 in 1 Convertible,17.3,1920,1080,1.6,12,1000,2.77,8.32,999.0
Ultrabook,13.3,2560,1600,2.0,8,256,1.37,7.52,1419.0
Notebook,15.6,1366,768,2.0,4,128,2.2,4.2,369.0
Gaming,17.3,1920,1080,3.0,8,1256,3.2,51.6,1299.0
Notebook,17.3,1366,768,1.1,4,1000,2.8,5.76,466.0
2 in 1 Convertible,10.1,1920,1200,1.44,4,64,0.69,3.18,319.0
Notebook,15.6,1920,1080,1.8,8,256,2.2,13.7,841.0
Notebook,15.6,1920,1080,2.5,4,256,1.86,2.31,398.49
Notebook,13.3,1920,1080,1.8,8,512,1.49,4.8,1103.0
Notebook,15.6,1366,768,2.4,4,1000,2.4,4.54,384.0
Notebook,15.6,1920,1080,1.8,8,256,2.13,4.96,767.8
Notebook,15.6,1920,1080,2.0,4,128,1.91,4.2,439.0
Notebook,15.6,1366,768,2.5,4,256,2.0,4.54,586.19
Gaming,17.3,1920,1080,2.8,16,2256,2.43,79.7,2449.0
Notebook,15.6,1920,1080,2.0,4,256,2.0,4.2,415.0
Notebook,17.3,1920,1080,1.8,16,2256,2.8,6.64,1299.0
Ultrabook,14.0,1920,1080,1.6,8,256,1.7,4.8,879.0
Notebook,14.0,1920,1080,2.7,8,256,1.7,4.54,599.0
Notebook,14.0,1920,1080,1.6,8,256,1.4,4.8,941.0
Notebook,15.6,1920,1080,2.5,8,256,1.86,4.54,690.0
Ultrabook,15.6,1920,1080,2.8,16,512,1.8,29.3,1983.0
Notebook,15.6,1366,768,2.0,4,500,1.86,4.96,438.69
Notebook,14.0,1366,768,1.6,4,32,1.44,3.18,229.0
Notebook,15.6,1920,1080,2.5,4,1000,1.9,4.54,549.0
Gaming,17.3,1920,1080,2.8,12,1000,3.0,29.3,949.0
Ultrabook,13.5,2256,1504,2.5,4,128,1.252,4.54,1089.0
Ultrabook,13.3,1920,1080,1.8,8,256,1.4,6.64,955.0
Notebook,15.6,1920,1080,1.8,8,256,2.2,6.64,870.0
Gaming,17.3,1920,1080,2.5,8,1128,2.7,25.7,1095.0
Notebook,14.0,1366,768,2.0,8,1000,2.1,4.2,389.0
Gaming,15.6,1920,1080,2.8,8,1000,2.2,25.7,949.0
Notebook,15.6,1920,1080,2.5,8,2000,2.2,4.54,519.0
Notebook,15.6,1920,1080,1.8,8,1128,2.02,4.8,855.0
Notebook,15.6,1920,1080,2.7,4,1000,2.2,8.96,530.0
Notebook,17.3,1920,1080,1.6,8,1128,2.5,7.91,977.0
Ultrabook,15.6,1920,1080,1.6,8,256,1.88,4.8,1096.16
Ultrabook,12.0,2304,1440,1.3,8,512,0.92,3.4,1510.0
Notebook,14.0,1920,1080,1.6,8,256,1.63,4.54,860.0
Notebook,15.6,1366,768,3.0,4,1000,2.1,2.05,395.0
Gaming,15.6,1920,1080,2.8,16,1128,2.65,29.3,1349.0
Ultrabook,15.6,1920,1080,1.8,8,256,1.83,9.0,699.0
Notebook,15.6,1920,1080,2.5,8,256,1.96,4.54,598.99
Gaming,15.6,1920,1080,2.8,16,1128,2.2,46.7,1449.0
Ultrabook,13.3,1920,1080,1.8,8,256,1.21,4.8,1649.0
Gaming,15.6,1920,1080,3.0,8,1000,2.45,22.0,699.0
Notebook,15.6,1920,1080,1.8,8,1000,2.2,13.7,689.0
Notebook,13.3,1920,1080,1.8,16,512,1.49,4.8,1197.0
Gaming,15.6,1920,1080,2.5,8,256,2.65,46.7,1195.0
Ultrabook,14.0,1920,1080,2.7,8,256,1.25,4.54,1049.0
2 in 1 Convertible,13.3,1920,1080,1.6,8,256,1.5,4.8,847.0
Notebook,15.6,1920,1080,2.4,6,256,2.0,5.76,577.0
Gaming,15.6,1920,1080,2.8,12,1128,2.62,25.7,1249.0
Notebook,15.6,1920,1080,2.7,8,256,1.91,6.64,719.0
Notebook,15.6,1920,1080,1.6,8,1000,2.2,4.96,647.0
Ultrabook,13.3,1920,1080,2.7,8,256,1.38,13.7,1119.0
Ultrabook,13.5,2256,1504,2.5,8,256,1.252,4.54,1340.0
Notebook,14.0,1920,1080,2.5,6,256,1.58,8.62,659.0
Notebook,15.6,1920,1080,2.0,4,1000,1.85,4.2,414.9
Ultrabook,14.0,1920,1080,2.7,8,256,1.3,8.62,1193.0
Gaming,15.6,1920,1080,2.8,16,1256,2.2,29.3,1299.0
Notebook,14.0,1920,1080,2.7,8,256,1.58,4.54,1480.0
Ultrabook,15.6,1920,1080,1.8,16,1256,1.5,13.7,1262.0
Ultrabook,13.3,3200,1800,2.4,8,256,1.23,7.49,1379.0
2 in 1 Convertible,13.3,1920,1080,2.5,8,256,1.37,4.54,1399.0
Notebook,14.0,1366,768,1.6,4,500,1.63,4.8,722.0
Ultrabook,13.3,1920,1080,1.6,8,256,1.21,4.8,1629.0
2 in 1 Convertible,13.3,1920,1080,1.6,8,256,1.26,4.8,1398.99
Notebook,14.0,1920,1080,1.8,8,512,1.63,4.8,1084.0
Notebook,15.6,1920,1080,1.8,8,1256,2.16,8.62,1130.33
Notebook,17.3,1920,1080,2.0,4,1000,2.0,5.76,564.0
Notebook,15.6,1920,1080,1.8,8,256,1.7,8.62,1118.0
Notebook,15.6,1920,1080,2.4,6,1000,2.1,4.54,479.0
Gaming,15.6,1920,1080,2.8,16,2256,1.8,79.7,2241.5
Notebook,15.6,1920,1080,2.5,8,256,2.2,8.62,629.0
Notebook,17.3,1920,1080,1.8,16,512,2.5,7.91,1271.0
Notebook,15.6,1366,768,3.0,4,256,2.1,2.05,451.0
Notebook,15.6,1366,768,1.6,4,500,1.86,3.18,259.0
Notebook,14.0,1920,1080,1.6,8,1000,1.63,4.8,812.0
Notebook,17.3,1920,1080,1.8,16,2256,2.8,6.64,1396.0
Notebook,17.3,1920,1080,1.6,8,256,2.5,4.8,928.0
Notebook,15.6,1366,768,2.5,8,1000,2.36,21.2,638.99
Ultrabook,14.0,1920,1080,1.8,8,256,1.6,4.8,884.0
Notebook,15.6,1920,1080,2.7,4,256,2.2,8.96,572.0
Notebook,15.6,1366,768,2.7,8,1000,2.05,4.54,598.0
Notebook,14.0,1920,1080,1.8,8,256,1.63,4.8,988.0
Notebook,15.6,1366,768,1.1,4,1000,1.9,3.44,252.36
Gaming,17.3,1920,1080,2.5,8,1128,3.0,25.7,938.0
Notebook,15.6,1920,1080,2.5,4,1000,2.2,5.76,499.0
Notebook,13.3,1920,1080,2.5,4,256,1.32,4.54,699.0
Notebook,17.3,1920,1080,2.7,4,1000,3.0,8.96,655.0
Notebook,14.0,1920,1080,1.6,8,256,1.75,14.1,1116.02
Gaming,15.6,1920,1080,2.8,8,256,2.4,23.0,869.0
Notebook,15.6,1366,768,2.3,4,500,2.1,4.2,602.0
Notebook,15.6,1366,768,2.5,4,256,1.86,2.31,369.0
Ultrabook,14.0,1920,1080,1.8,8,256,1.25,4.8,1099.0
Ultrabook,12.5,3840,2160,1.2,8,512,0.97,2.92,2014.0
Notebook,15.6,1920,1080,1.1,4,1000,2.0,3.44,344.0
Gaming,17.3,1920,1080,2.8,16,1256,2.9,79.7,2029.0
Notebook,15.6,1366,768,2.0,4,1000,2.1,4.2,447.0
Gaming,15.6,1920,1080,2.8,16,512,2.56,25.7,1249.26
Gaming,15.6,1920,1080,2.8,8,0,2.62,25.7,899.0
Notebook,15.6,1366,768,2.5,4,128,1.9,4.54,498.0
Gaming,17.3,1920,1080,2.8,16,1256,2.8,46.7,1890.0
Ultrabook,14.0,1920,1080,2.7,4,256,1.48,4.54,1082.0
Notebook,15.6,1920,1080,1.6,6,256,1.91,4.96,619.0
2 in 1 Convertible,14.0,1920,1080,2.4,4,256,1.74,4.54,629.0
2 in 1 Convertible,13.3,1920,1080,1.6,8,256,1.1,4.54,1315.0
2 in 1 Convertible,15.6,1920,1080,1.8,8,256,1.56,4.8,1049.0
Notebook,15.6,1366,768,2.2,4,500,2.1,4.2,447.0
Notebook,17.3,1920,1080,1.6,4,256,3.0,13.7,805.0
Notebook,15.6,1920,1080,1.6,8,256,2.13,4.96,728.0
Gaming,15.6,1920,1080,2.8,16,256,2.5,29.3,1079.0
Notebook,15.6,1366,768,1.1,4,1000,2.1,3.44,348.0
Gaming,15.6,1920,1080,2.8,16,1256,2.4,46.7,1799.0
Gaming,15.6,1920,1080,2.8,8,1128,2.56,25.7,1060.49
Notebook,17.3,1920,1080,1.6,8,256,3.0,13.7,854.0
Notebook,13.3,1920,1080,1.6,4,500,1.49,4.8,754.0
Ultrabook,13.0,2160,1440,2.5,8,256,1.05,4.54,1349.0
Notebook,17.3,1920,1080,2.5,6,2000,2.71,4.96,699.0
Notebook,15.6,1366,768,2.9,4,500,2.2,2.31,309.0
Notebook,15.6,1366,768,2.4,4,500,2.0,4.54,489.0
Notebook,17.3,1920,1080,1.6,8,256,2.5,7.91,923.0
Notebook,15.6,1366,768,2.4,8,1000,2.3,4.54,459.0
Notebook,15.6,1366,768,2.0,4,128,2.1,4.2,449.0
Gaming,18.4,1920,1080,2.9,32,1512,4.4,59.3,2799.0
Notebook,15.6,1920,1080,2.5,8,1128,1.9,27.0,813.0
2 in 1 Convertible,13.3,3840,2160,1.6,8,256,1.29,4.8,1499.0
Notebook,15.6,1920,1080,1.8,16,2256,2.02,6.64,1049.0
Ultrabook,13.3,1920,1080,1.6,8,256,1.23,4.8,1399.0
2 in 1 Convertible,13.9,3840,2160,1.8,16,512,1.4,4.8,1849.0
Notebook,15.6,1366,768,2.5,8,128,2.0,4.54,793.0
Notebook,15.6,1920,1080,1.6,8,256,1.95,13.7,1199.0
Notebook,17.3,1920,1080,1.8,16,512,2.77,8.32,1549.0
Notebook,15.6,3840,2160,2.8,16,512,2.06,25.7,2397.0
Gaming,15.6,1920,1080,2.5,8,256,2.4,25.7,779.0
Ultrabook,13.3,1920,1080,1.2,8,256,1.12,3.4,989.0
Notebook,17.3,1920,1080,1.8,8,1128,2.8,6.64,1085.0
2 in 1 Convertible,14.0,2560,1440,2.7,16,1000,1.42,4.54,2824.0
Notebook,14.0,1920,1080,1.1,4,32,1.3,3.44,260.0
Ultrabook,13.3,1920,1080,2.5,8,256,1.3,13.7,999.9
Notebook,17.3,1600,900,1.6,8,256,2.8,13.7,698.0
2 in 1 Convertible,13.3,1920,1080,1.8,8,1000,1.62,4.8,839.0
Notebook,17.3,1920,1080,1.6,8,1000,2.5,7.91,914.0
Gaming,17.3,3840,2160,2.9,32,1000,3.49,102.0,6099.0
Notebook,13.3,1920,1080,1.6,8,512,1.49,4.8,959.0
Gaming,17.3,1920,1080,2.8,16,1256,3.35,25.7,1379.0
Notebook,17.3,1920,1080,1.8,8,256,2.5,7.91,1045.0
Gaming,15.6,3840,2160,2.8,16,1512,2.65,46.7,1845.0
Notebook,15.6,1366,768,2.3,4,128,2.1,4.2,493.0
Notebook,15.6,1920,1080,2.7,8,1000,2.23,8.62,742.0
Gaming,15.6,1920,1080,2.8,16,1512,3.2,46.7,1749.0
Workstation,15.6,3840,2160,3.0,16,1256,2.8,8.37,3055.0
Gaming,15.6,1920,1080,2.8,16,512,2.4,46.7,1398.0
Notebook,15.6,1366,768,2.4,6,1000,2.3,4.54,439.0
Ultrabook,13.3,3840,2160,1.8,8,256,1.21,4.8,1949.0
Ultrabook,13.3,1920,1080,1.8,8,256,1.2,4.8,1449.0
Notebook,15.6,1366,768,2.5,8,256,2.2,4.54,597.0
Notebook,15.6,1920,1080,2.8,8,1000,2.4,25.7,779.0
Gaming,17.3,1920,1080,2.8,16,1256,2.9,25.7,1407.0
Notebook,15.6,1920,1080,2.0,4,500,2.1,4.2,349.0
Notebook,15.6,1920,1080,2.5,8,256,2.2,4.54,549.0
Ultrabook,13.0,2160,1440,2.7,8,512,1.05,4.54,1499.0
Ultrabook,13.3,1920,1080,1.8,8,256,1.4,6.64,931.88
Notebook,17.3,1600,900,2.5,8,1000,2.8,9.0,589.0
Notebook,14.0,1920,1080,1.8,8,256,1.63,7.91,1031.0
Ultrabook,14.0,1920,1080,1.6,8,256,1.6,4.8,1149.0
2 in 1 Convertible,13.3,1920,1080,1.8,16,512,1.62,4.8,1279.0
Notebook,15.6,1920,1080,1.6,8,256,2.2,4.96,677.35
2 in 1 Convertible,14.0,1920,1080,1.6,8,256,1.74,4.8,899.0
Ultrabook,13.3,1920,1080,2.5,8,256,1.2,4.2,1363.0
Notebook,15.6,1920,1080,1.6,8,1000,2.1,4.8,794.0
Gaming,17.3,1920,1080,2.8,16,1256,4.42,46.7,2456.34
Notebook,15.6,1920,1080,2.7,8,256,2.2,8.62,832.0
Notebook,15.6,1920,1080,2.7,16,1000,2.3,21.2,859.01
Notebook,17.3,1920,1080,2.5,8,256,2.69,14.0,891.0
Notebook,15.6,1366,768,2.4,4,1000,2.37,4.54,398.99
Gaming,15.6,1920,1080,2.8,16,1256,3.2,46.7,1499.0
Notebook,14.0,1920,1080,2.5,8,256,1.6,4.54,859.0
2 in 1 Convertible,13.3,1920,1080,2.3,8,256,1.6,4.2,689.0
Notebook,15.6,1920,1080,2.7,16,256,2.36,21.2,899.0
Notebook,15.6,1366,768,2.0,4,1000,2.1,4.2,390.0
Gaming,17.3,1920,1080,2.9,32,1512,4.7,102.0,3890.0
Gaming,15.6,1920,1080,2.5,8,256,2.5,25.7,846.0
Notebook,15.6,1366,768,2.0,8,128,2.2,4.2,589.0
Notebook,17.3,1920,1080,1.8,8,1128,2.1,8.32,1145.0
Notebook,17.3,1920,1080,2.7,8,1128,2.69,14.0,889.0
Gaming,15.6,1920,1080,2.5,8,256,2.56,25.7,879.0
2 in 1 Convertible,13.9,1920,1080,2.7,8,256,1.38,4.54,1079.0
Notebook,15.6,1920,1080,1.8,8,2128,2.2,6.64,985.0
Notebook,15.6,1366,768,2.5,8,1000,2.04,4.54,559.0
Gaming,17.3,1920,1080,2.9,16,256,3.6,102.0,2999.0
Notebook,13.3,1920,1080,1.6,4,500,1.49,4.8,675.0
Ultrabook,13.3,2560,1600,3.1,8,512,1.37,8.55,2040.0
2 in 1 Convertible,15.6,1920,1080,1.8,8,1000,2.08,4.8,819.0
Gaming,17.3,1920,1080,2.8,16,1256,4.3,40.6,1799.0
2 in 1 Convertible,13.9,1920,1080,1.8,8,512,1.37,4.8,1849.0
Notebook,17.3,1920,1080,2.7,4,256,3.0,8.96,702.0
Ultrabook,13.3,1920,1080,1.6,8,256,1.41,4.8,949.0
Notebook,15.6,1366,768,2.5,8,128,1.91,2.31,445.9
Notebook,17.3,1920,1080,1.8,16,1000,2.9,13.7,1059.0
Gaming,17.3,1920,1080,2.8,16,1512,4.14,79.7,2499.0
2 in 1 Convertible,15.6,1920,1080,2.8,8,512,2.0,23.0,1699.0
Notebook,17.3,1920,1080,1.8,8,1128,2.8,6.64,1142.0
Notebook,15.6,1920,1080,2.0,4,256,2.2,4.2,444.0
Notebook,15.6,1920,1080,1.6,4,500,2.1,4.54,722.0
Notebook,15.6,1920,1080,2.5,4,1000,2.18,4.54,657.0
2 in 1 Convertible,15.6,1920,1080,1.6,8,256,2.67,4.8,799.0
2 in 1 Convertible,13.3,1920,1080,1.8,8,512,1.1,4.8,1499.0
Notebook,15.6,1920,1080,2.5,4,1000,2.2,4.54,467.0
Notebook,17.3,1920,1080,1.8,8,1000,2.5,7.91,1018.0
Notebook,15.6,1920,1080,1.8,8,256,2.05,4.8,880.0
Ultrabook,13.3,2560,1600,2.9,8,512,1.37,9.18,1958.9
Gaming,17.3,1920,1080,3.0,16,1256,3.2,51.6,1549.0
Notebook,15.6,1920,1080,1.8,8,256,2.14,4.96,735.07
2 in 1 Convertible,14.0,2560,1440,2.6,16,512,1.36,4.2,2499.0
Notebook,15.6,1366,768,2.5,8,500,2.2,7.91,812.0
Notebook,15.6,1366,768,2.7,12,1000,2.3,4.54,713.07
Notebook,17.3,1920,1080,1.8,8,1128,2.8,6.64,1099.0
Notebook,15.6,1920,1080,1.8,8,1000,2.2,8.96,745.0
Notebook,17.3,1600,900,2.0,4,1000,2.8,4.2,489.0
Notebook,17.3,1920,1080,1.8,8,2000,2.8,13.7,849.0
Notebook,17.3,1600,900,2.7,6,1128,2.8,8.62,859.0
Gaming,15.6,1920,1080,2.5,8,256,2.5,25.7,829.0
Notebook,15.6,1920,1080,2.5,6,256,2.2,4.54,579.0
Notebook,15.6,1920,1080,1.8,8,256,3.0,13.7,951.0
Notebook,15.6,1920,1080,2.7,12,1000,2.15,4.54,659.0
Notebook,15.6,1920,1080,2.7,8,256,1.95,5.08,1097.0
Ultrabook,15.6,1920,1080,2.5,8,256,1.7,8.62,977.0
Gaming,15.6,1920,1080,2.8,16,1256,2.5,29.3,1179.0
Notebook,15.6,1920,1080,2.7,8,1000,2.2,8.62,659.01
Notebook,15.6,1366,768,1.5,2,16,2.19,1.56,199.0
Gaming,17.3,1920,1080,2.8,8,1000,3.0,25.7,1187.0
Notebook,17.3,1600,900,2.0,8,1000,2.54,4.2,489.0
Notebook,15.6,1920,1080,2.8,8,256,2.0,25.7,1829.0
Notebook,15.6,1920,1080,1.6,8,256,2.05,4.8,739.0
Gaming,15.6,1920,1080,2.8,8,1000,3.2,46.7,1299.0
Notebook,15.6,1920,1080,2.8,8,256,2.5,29.3,979.0
Workstation,17.3,1920,1080,2.9,16,256,3.42,8.37,2884.86
Notebook,15.6,1920,1080,2.4,6,1000,2.4,26.1,499.0
Ultrabook,15.6,1920,1080,2.7,16,512,1.63,8.62,1468.0
Notebook,14.0,1366,768,2.4,4,128,1.3,4.54,509.0
Gaming,17.3,1920,1080,2.8,16,1256,2.9,79.7,2122.0
Notebook,17.3,1600,900,2.5,6,1000,2.8,9.0,649.0
Notebook,15.6,1366,768,2.5,8,2000,2.2,8.62,549.0
Gaming,15.6,1920,1080,2.8,8,1128,2.5,29.3,1265.0
2 in 1 Convertible,13.3,1920,1080,2.8,16,256,1.28,4.54,1975.0
Notebook,15.6,1920,1080,2.5,8,256,2.2,7.91,1043.0
Notebook,15.6,1920,1080,2.5,8,1128,2.3,8.62,819.0
Notebook,15.6,1920,1080,2.0,4,1000,1.86,4.2,469.0
Notebook,13.3,1920,1080,2.5,8,256,1.1,4.54,999.0
Ultrabook,13.3,3840,2160,1.8,16,1000,1.21,4.8,2499.0
Gaming,15.6,1920,1080,2.8,16,1256,2.8,79.7,2099.0
Notebook,15.6,1920,1080,2.2,8,256,2.23,2.05,469.0
2 in 1 Convertible,11.6,1366,768,1.1,2,32,1.1,3.44,275.0
Notebook,15.6,1920,1080,1.6,8,1128,2.33,6.64,844.0
2 in 1 Convertible,13.3,3840,2160,1.8,16,1000,1.29,4.8,2449.0
Notebook,13.3,1366,768,1.6,4,16,1.45,2.54,459.9
Notebook,14.0,1920,1080,2.5,8,256,1.95,4.54,980.0
Notebook,11.6,1366,768,1.6,4,128,1.4,2.1,485.0
Notebook,14.0,1920,1080,2.7,8,256,1.48,4.54,1292.0
Notebook,17.3,1600,900,2.5,4,1000,2.79,5.76,589.0
Notebook,14.0,1920,1080,2.7,8,256,2.0,4.54,1094.0
Notebook,15.6,1366,768,1.8,8,1000,2.1,4.8,902.0
Notebook,15.6,1366,768,2.7,8,256,2.2,29.2,659.0
Notebook,14.0,1366,768,1.1,4,32,1.44,3.44,292.0
Notebook,15.6,1366,768,2.5,6,1000,2.23,4.54,549.0
Ultrabook,15.6,1920,1080,2.7,8,256,1.7,8.62,1049.9
Ultrabook,12.5,1920,1080,2.7,8,256,1.26,4.54,1335.0
Notebook,15.6,3840,2160,2.8,32,1000,2.06,25.7,2639.0
Gaming,17.3,1920,1080,2.8,8,1256,2.7,29.3,1199.0
Notebook,15.6,1920,1080,2.5,8,256,2.0,4.54,943.0
Notebook,14.0,1920,1080,2.7,8,1256,2.0,4.54,1334.0
Notebook,15.6,1920,1080,2.0,4,1000,1.85,4.2,449.0
Gaming,15.6,1920,1080,2.8,8,256,2.5,25.7,999.0
Notebook,14.0,1920,1080,2.6,8,256,1.48,4.54,1268.0
Ultrabook,15.6,1920,1080,1.6,8,1128,1.9,8.62,1049.0
Notebook,15.6,1920,1080,2.5,8,256,1.84,4.54,1144.0
Notebook,15.6,1366,768,1.1,4,1000,2.0,3.44,274.99
Notebook,15.6,1920,1080,1.6,8,256,2.0,8.62,1142.75
Notebook,15.6,1366,768,1.6,4,500,2.2,1.56,274.9
Notebook,15.6,1920,1080,3.6,12,2000,2.2,6.64,899.0
Notebook,15.6,1920,1080,2.4,8,1000,2.1,7.91,716.0
2 in 1 Convertible,13.9,3840,2160,1.8,16,512,1.4,4.8,2099.0
Ultrabook,13.3,1920,1080,1.8,8,256,1.2,4.8,1579.0
Gaming,15.6,1920,1080,2.8,16,2256,2.4,29.3,1129.0
Notebook,14.0,1366,768,1.6,2,32,1.44,3.18,279.0
Ultrabook,15.6,1920,1080,1.9,16,512,1.88,4.8,1607.96
2 in 1 Convertible,11.6,1366,768,1.1,4,32,1.5,3.44,375.0
Ultrabook,15.6,1920,1080,1.6,8,1000,1.9,6.64,663.0
Notebook,15.6,3840,2160,2.8,16,512,2.06,25.7,2027.42
Notebook,15.6,1920,1080,2.7,8,256,1.84,4.54,1304.0
Gaming,17.3,1920,1080,2.8,8,1128,2.7,46.7,1409.0
Workstation,15.6,1920,1080,2.8,8,256,2.6,8.37,1738.27
Notebook,15.6,1920,1080,2.5,16,512,2.4,7.91,1403.0
Notebook,15.6,1920,1080,1.8,8,2128,2.02,6.64,970.9
Notebook,15.6,1366,768,1.1,4,1000,2.2,3.44,321.99
Gaming,15.6,1920,1080,2.5,8,1000,2.65,25.7,999.0
Notebook,15.6,1366,768,2.5,8,2000,2.36,4.54,557.37
Notebook,14.0,1920,1080,2.6,8,256,1.36,4.54,1427.0
Notebook,15.6,1366,768,2.0,4,500,1.86,4.2,439.0
Notebook,14.0,1920,1080,2.5,8,256,2.0,4.54,945.0
Notebook,17.3,1600,900,2.5,6,1128,2.8,9.0,719.0
Notebook,15.6,1920,1080,2.5,8,1000,1.86,4.54,639.0
Notebook,15.6,1366,768,1.6,8,2000,2.04,2.1,389.0
Notebook,17.3,1920,1080,1.6,8,1128,2.8,6.64,1085.0
Gaming,15.6,1920,1080,2.5,8,1128,2.4,25.7,809.0
Notebook,15.6,1920,1080,2.7,8,256,2.33,21.2,899.0
Ultrabook,14.0,1920,1080,2.7,8,256,1.36,4.54,1750.0
2 in 1 Convertible,15.6,1920,1080,2.7,12,2512,2.26,57.7,1099.0
Notebook,15.6,1366,768,3.0,4,128,2.1,2.05,426.0
Gaming,17.3,1920,1080,3.0,16,1256,3.25,51.6,2199.0
Notebook,17.3,1600,900,2.2,4,128,2.6,2.05,489.0
2 in 1 Convertible,13.3,1920,1080,1.8,8,256,1.62,4.8,869.01
Notebook,15.6,1920,1080,3.0,4,256,1.91,2.05,488.99
Netbook,11.6,1366,768,1.1,4,128,1.59,3.44,553.0
Notebook,15.6,1366,768,1.6,4,500,1.8,3.18,309.0
Notebook,14.0,1366,768,1.1,4,32,1.5,3.44,286.0
Notebook,15.6,1920,1080,2.8,8,1000,2.4,25.7,846.0
Gaming,17.3,1920,1080,2.8,8,1128,3.35,25.7,1191.0
Notebook,15.6,1920,1080,2.0,4,128,1.85,4.2,403.5
Gaming,15.6,1920,1080,2.8,8,1128,2.3,46.7,1655.0
Notebook,14.0,1920,1080,2.5,8,256,1.5,8.62,1099.0
Ultrabook,13.3,1920,1080,2.7,16,512,1.1,4.54,1748.9
Ultrabook,14.0,2560,1440,2.7,8,512,1.13,4.54,2282.0
Notebook,13.3,1920,1080,2.4,4,128,1.5,4.54,549.0
Workstation,15.6,1920,1080,2.6,8,500,2.23,3.65,1369.0
Workstation,15.6,1920,1080,2.7,8,256,2.0,8.37,2135.0
2 in 1 Convertible,14.0,2560,1440,2.7,16,512,1.42,4.54,2509.0
Gaming,17.3,1920,1080,2.8,8,1000,3.0,25.7,1039.0
Gaming,17.3,1920,1080,2.8,16,1256,3.0,29.3,1591.0
Notebook,15.6,1366,768,1.6,12,1000,2.2,8.96,693.99
Gaming,17.3,1920,1080,2.8,8,256,2.7,29.3,1349.0
Notebook,15.6,1920,1080,2.7,8,256,2.33,21.2,778.87
Ultrabook,15.6,1920,1080,3.0,4,256,1.91,4.96,499.0
Notebook,15.6,1920,1080,1.8,8,256,2.1,14.1,1229.56
Notebook,14.0,1920,1080,2.5,8,256,1.9,4.54,938.0
Workstation,15.6,3840,2160,2.8,8,256,1.78,8.37,2712.0
Ultrabook,14.0,2560,1440,2.7,16,1000,1.13,4.54,2625.0
Notebook,15.6,1366,768,1.1,4,1000,2.2,3.44,306.0
Gaming,17.3,1920,1080,2.8,16,1256,2.9,25.7,1529.0
Notebook,15.6,1920,1080,1.6,8,1256,2.1,14.1,1144.5
Notebook,15.6,1920,1080,2.8,8,256,2.5,25.7,879.0
Gaming,17.3,1920,1080,2.8,16,1256,2.8,79.7,2249.0
Ultrabook,14.0,1920,1080,2.7,8,512,1.1,4.54,1873.0
Ultrabook,13.3,1920,1080,2.5,16,512,1.2,4.2,1747.0
Ultrabook,14.0,1920,1080,2.8,8,512,1.36,1.56,1680.0
Notebook,15.6,1920,1080,2.0,4,500,2.2,4.2,409.0
Notebook,11.6,1366,768,1.1,2,32,1.15,3.44,304.45
Workstation,15.6,1920,1080,2.8,8,512,2.67,8.37,1925.0
Ultrabook,14.0,2560,1440,2.8,8,512,1.7,57.7,1943.0
Notebook,15.6,1920,1080,2.0,4,1000,2.1,4.96,469.0
2 in 1 Convertible,13.3,1920,1080,2.5,8,256,1.6,4.2,789.01
2 in 1 Convertible,13.3,1920,1080,2.5,8,256,1.27,4.54,928.0
Notebook,13.3,1366,768,2.0,4,128,1.65,4.2,689.0
Ultrabook,14.0,1920,1080,2.5,8,256,1.43,4.2,1500.0
Notebook,15.6,1366,768,2.5,8,1000,2.14,4.54,539.95
Ultrabook,14.0,1920,1080,1.8,8,256,1.75,14.1,1215.38
2 in 1 Convertible,15.6,3840,2160,2.8,16,512,2.0,25.7,1899.0
Notebook,12.3,2736,1824,1.1,6,64,1.4,3.44,449.0
Notebook,15.6,1920,1080,2.9,8,256,2.31,5.08,1427.0
Notebook,15.6,1920,1080,2.4,8,1000,2.3,8.62,597.0
Gaming,17.3,2560,1440,2.9,16,1256,4.42,79.7,2799.0
Gaming,15.6,1920,1080,2.8,8,1128,2.62,29.3,1159.0
Notebook,15.6,1920,1080,1.8,8,2256,2.02,6.64,1142.4
Ultrabook,14.0,1920,1080,2.8,8,256,1.6,4.54,1099.0
Gaming,17.3,1920,1080,2.8,12,1256,3.35,79.7,1999.0
2 in 1 Convertible,11.6,1920,1080,1.1,4,32,1.16,3.44,299.0
Netbook,11.6,1366,768,1.6,4,16,1.15,3.18,269.0
Notebook,13.3,1920,1080,2.7,8,256,1.4,4.54,1010.0
Notebook,14.0,1920,1080,2.7,4,128,1.7,4.54,599.0
Workstation,15.6,3840,2160,2.8,16,512,2.3,8.62,2445.0
Notebook,15.6,1920,1080,2.9,16,512,2.5,84.6,2449.0
Gaming,17.3,1920,1080,3.2,8,1256,3.2,51.6,1695.0
Notebook,15.6,1366,768,1.6,4,500,2.1,3.18,347.0
Ultrabook,12.3,2400,1600,1.3,16,512,1.1,3.4,2199.0
Ultrabook,14.0,2560,1440,2.7,24,512,1.32,4.54,2382.0
Notebook,15.6,1920,1080,2.5,4,256,2.0,4.54,559.0
Notebook,17.3,1600,900,2.5,8,1000,2.8,17.5,519.0
Notebook,15.6,1920,1080,1.6,4,256,2.2,6.64,749.0
Ultrabook,12.5,1920,1080,2.5,8,256,1.36,4.54,1429.0
Gaming,15.6,1920,1080,2.8,8,1128,2.2,25.7,1099.0
Notebook,14.0,1920,1080,2.8,8,256,1.64,7.91,1179.0
Notebook,15.6,1366,768,2.5,4,500,2.4,4.54,441.8
Workstation,15.6,1920,1080,3.0,8,1064,2.23,52.6,1993.0
Gaming,15.6,1920,1080,2.5,8,256,2.2,25.7,1027.74
Ultrabook,13.5,2256,1504,2.5,16,512,1.25,7.49,2589.0
Notebook,15.6,1366,768,2.5,8,128,1.91,4.54,589.0
Workstation,15.6,1920,1080,2.7,16,256,2.17,52.6,1975.0
Workstation,15.6,1920,1080,2.9,8,512,2.31,4.54,1534.0
Notebook,14.0,1920,1080,2.5,8,256,1.65,4.54,1345.0
Notebook,15.6,1920,1080,1.8,8,1128,2.36,6.64,979.0
2 in 1 Convertible,11.6,1366,768,1.6,4,500,1.47,2.1,479.0
Notebook,17.3,1920,1080,2.7,8,1000,4.42,46.7,2046.0
Ultrabook,13.5,2256,1504,2.2,4,128,1.252,3.4,989.0
Ultrabook,13.5,2256,1504,2.5,8,256,1.25,7.49,1799.0
Notebook,17.3,1600,900,2.0,8,256,2.5,4.2,639.9
Notebook,15.6,1920,1080,2.0,4,1000,2.23,8.62,544.0
Netbook,11.6,1366,768,1.6,4,128,1.4,3.18,435.0
Notebook,15.6,1920,1080,2.5,8,1000,2.37,4.54,749.0
Notebook,14.0,1920,1080,2.7,8,512,1.5,35.8,799.0
Notebook,15.6,1920,1080,2.9,8,256,2.67,84.6,2090.0
Notebook,15.6,1366,768,1.1,4,500,2.0,3.44,304.0
Notebook,15.6,1366,768,2.0,4,500,2.2,9.0,469.0
Notebook,15.6,1920,1080,1.6,8,2000,2.02,6.64,759.0
Gaming,17.3,1920,1080,2.8,12,1000,3.78,46.7,1699.0
Ultrabook,14.0,2560,1440,2.6,12,256,1.4,4.2,1858.0
2 in 1 Convertible,13.3,3840,2160,1.8,8,512,1.29,4.8,1999.0
Ultrabook,12.3,2400,1600,1.2,8,128,1.1,3.4,1275.0
Ultrabook,13.3,1920,1080,1.6,8,256,1.42,4.8,1841.85
Notebook,15.6,3840,2160,2.6,12,1128,2.06,4.64,1299.0
Notebook,14.0,1366,768,2.3,8,128,1.79,4.2,740.0
Workstation,15.6,1920,1080,2.8,8,256,1.78,8.37,2408.0
Notebook,14.0,1920,1080,2.5,8,180,1.7,4.54,1364.0
Notebook,15.6,1920,1080,1.6,8,1000,2.2,4.96,675.0
Notebook,13.3,1920,1080,2.5,8,256,1.05,4.54,1672.0
Notebook,15.6,1920,1080,1.8,8,512,2.16,8.62,1262.0
Notebook,15.6,1366,768,2.4,4,1000,2.18,4.54,586.6
Notebook,13.3,1920,1080,1.6,4,128,1.49,4.8,726.0
Notebook,15.6,1920,1080,1.44,4,64,1.89,1.56,248.9
Notebook,15.6,1366,768,2.0,4,128,2.3,4.2,565.0
Notebook,14.0,1920,1080,1.6,8,256,1.75,4.8,1049.0
Workstation,15.6,1920,1080,2.7,16,512,2.17,52.6,2338.0
Notebook,15.6,1920,1080,2.8,16,512,2.06,25.7,1899.0
Ultrabook,12.5,1920,1080,2.7,16,512,1.36,4.54,1798.0
Ultrabook,12.5,1920,1080,2.7,16,512,0.91,4.54,1950.0
Notebook,15.6,1920,1080,2.5,8,256,2.3,8.62,1011.99
Ultrabook,13.3,1920,1080,2.7,32,512,1.05,4.54,2799.0
Gaming,15.6,1920,1080,2.8,8,1128,1.99,25.7,1350.0
Notebook,15.6,1366,768,2.5,8,1000,2.2,29.2,579.0
Gaming,17.3,1920,1080,2.6,24,1256,4.33,23.5,1269.0
Ultrabook,12.5,1366,768,2.3,8,180,1.3,4.2,1099.0
Notebook,15.6,1920,1080,1.8,8,256,2.17,4.8,898.9
Notebook,14.0,1920,1080,2.8,8,1000,1.48,4.54,1749.0
Notebook,13.3,1920,1080,2.4,8,256,1.4,4.54,949.0
Notebook,15.6,1920,1080,2.5,8,256,2.3,4.54,911.0
Netbook,11.6,1366,768,1.1,4,64,1.2,3.44,340.0
Notebook,15.6,1366,768,2.5,8,256,1.91,4.96,618.99
2 in 1 Convertible,13.9,1920,1080,1.6,8,256,1.4,4.8,1599.0
Notebook,14.0,1366,768,1.1,4,500,2.1,3.44,299.0
Netbook,11.6,1366,768,1.6,4,16,1.25,3.18,265.0
Notebook,13.3,1920,1080,2.5,8,256,1.44,4.54,949.0
Notebook,15.6,1920,1080,2.7,8,1256,2.0,4.54,1224.0
Notebook,15.6,1920,1080,1.6,4,1000,2.2,13.7,613.0
Ultrabook,13.3,1920,1080,2.7,8,512,1.34,4.54,1323.0
Gaming,15.6,1920,1080,2.8,8,1256,2.4,46.7,1149.0
Ultrabook,13.3,1920,1080,2.5,8,128,1.29,4.54,899.0
Notebook,15.6,1920,1080,2.7,4,500,2.2,8.62,639.0
Notebook,15.6,1920,1080,2.5,8,1000,2.18,4.54,836.0
Notebook,15.6,1920,1080,1.8,16,2256,2.2,6.64,1219.24
Notebook,15.6,1920,1080,1.8,16,256,1.95,13.7,1399.95
Netbook,11.6,1366,768,1.1,2,32,1.1,3.44,245.0
Notebook,15.6,1366,768,1.6,4,1000,2.04,4.8,521.47
Gaming,15.6,1920,1080,2.8,24,512,2.24,102.0,2968.0
Notebook,15.6,1920,1080,2.5,8,256,2.04,7.91,889.0
Gaming,17.3,1920,1080,2.8,16,1256,3.0,29.3,1504.0
Gaming,15.6,1920,1080,2.8,8,1256,3.2,46.7,1399.0
Ultrabook,13.3,1920,1080,2.7,8,256,1.32,4.54,1399.0
Notebook,14.0,1920,1080,2.6,8,256,1.64,4.54,1279.73
Notebook,15.6,1366,768,2.0,4,128,1.63,4.2,689.0
Notebook,17.3,1920,1080,1.6,8,1128,2.8,6.64,889.0
Notebook,14.0,1920,1080,2.3,8,256,2.02,4.2,1340.0
Notebook,15.6,1920,1080,2.7,4,1000,2.2,5.76,799.0
Notebook,15.6,1920,1080,2.8,8,256,1.9,4.54,1377.0
Gaming,17.3,1920,1080,2.8,16,1128,4.42,79.7,3012.77
Notebook,15.6,1920,1080,2.5,8,500,2.0,4.54,860.0
Notebook,15.6,3840,2160,2.7,8,1256,2.0,16.4,1299.0
Notebook,13.3,1920,1080,1.1,4,32,1.2,3.44,369.0
Gaming,15.6,1920,1080,2.5,8,1128,2.3,46.7,1649.0
Notebook,15.6,1920,1080,2.8,8,256,1.93,7.91,1369.0
Notebook,15.6,1920,1080,1.6,8,256,2.2,6.64,797.41
Notebook,15.6,1920,1080,1.6,4,256,1.86,2.1,398.99
Gaming,17.3,1920,1080,2.8,12,1000,2.62,46.7,1799.0
Notebook,14.0,1920,1080,2.7,8,256,1.87,8.62,859.0
Ultrabook,13.3,3200,1800,1.8,8,256,1.2,4.8,1399.0
Notebook,14.0,1920,1080,2.0,4,128,1.6,4.2,735.87
Ultrabook,13.3,3200,1800,2.7,8,256,1.34,4.54,1145.0
Gaming,15.6,1920,1080,2.5,8,1000,2.4,25.7,798.0
Notebook,15.6,1366,768,1.8,4,500,2.0,12.3,349.0
Notebook,15.6,1920,1080,2.4,4,128,2.1,4.54,705.5
Notebook,14.0,1920,1080,2.5,4,500,1.87,4.54,785.0
Notebook,15.6,1920,1080,2.3,4,1000,2.15,4.2,462.35
Notebook,15.6,1920,1080,2.0,4,500,1.86,4.2,397.0
Notebook,15.6,1920,1080,2.7,8,512,1.99,4.54,1729.0
Notebook,15.6,1920,1080,2.0,4,128,2.2,4.2,499.0
Notebook,15.6,1920,1080,2.5,8,256,1.9,4.54,1116.99
Gaming,17.3,1920,1080,2.8,16,1256,4.42,79.7,2699.0
Notebook,17.3,1600,900,2.0,8,1000,2.65,4.2,544.15
Notebook,17.3,1920,1080,2.7,8,1000,2.63,7.91,1280.0
Notebook,15.6,1366,768,1.1,4,500,2.0,3.44,224.0
Notebook,13.3,1920,1080,1.44,4,32,1.35,1.56,255.0
Notebook,17.3,1600,900,2.7,6,1128,2.8,8.62,949.0
Notebook,15.6,1920,1080,2.5,6,128,1.91,6.64,568.9
2 in 1 Convertible,11.6,1920,1080,2.0,4,32,1.25,3.44,349.0
Notebook,15.6,1920,1080,2.7,4,128,2.05,4.54,630.0
Ultrabook,13.3,3200,1800,1.2,16,512,1.16,2.92,1965.0
Notebook,17.3,1920,1080,2.8,8,256,3.4,52.7,2999.0
Notebook,15.6,1920,1080,2.5,8,1128,2.5,25.7,839.0
Ultrabook,13.3,3840,2160,1.6,8,128,1.21,4.8,1599.0
Notebook,15.6,1366,768,2.6,4,500,1.93,4.54,959.0
Notebook,15.6,1366,768,2.5,8,1000,2.2,4.54,739.0
Notebook,14.0,1366,768,2.5,4,500,2.02,4.54,990.0
Workstation,17.3,1600,900,2.8,8,500,3.14,8.37,1860.99
Notebook,14.0,1366,768,1.6,8,2000,1.94,2.1,389.0
Notebook,15.6,1920,1080,3.0,6,256,1.95,6.64,649.0
Notebook,15.6,1920,1080,2.5,8,256,2.3,4.54,830.0
Notebook,15.6,1920,1080,1.6,4,500,2.05,4.54,685.0
Notebook,14.0,1920,1080,1.44,4,32,1.4,1.56,249.0
Ultrabook,14.0,1920,1080,2.7,16,512,1.24,4.54,1865.0
Gaming,17.3,1920,1080,2.7,32,1256,4.6,79.7,2663.0
Gaming,17.3,1920,1080,2.9,16,1512,4.14,79.7,2729.0
Notebook,14.0,1920,1080,1.1,4,32,1.45,3.44,389.0
Notebook,15.6,1366,768,2.6,8,500,1.9,4.54,1008.52
Notebook,13.3,1920,1080,2.4,4,128,1.49,4.54,719.0
Notebook,15.6,1920,1080,2.8,16,256,1.93,7.91,1537.39
Netbook,11.6,1366,768,1.6,4,16,1.26,3.18,295.0
Gaming,17.3,1920,1080,2.7,16,1128,4.5,40.6,2349.0
Gaming,17.3,1920,1080,2.8,16,1256,3.78,25.7,1498.0
Ultrabook,14.0,1920,1080,2.6,12,256,1.4,4.2,1673.0
Notebook,15.6,1366,768,1.8,12,1000,2.2,4.54,609.0
Gaming,17.3,1920,1080,2.5,8,1128,2.73,46.7,1770.0
2 in 1 Convertible,15.6,1366,768,2.5,8,1000,2.2,4.2,739.0
Notebook,15.6,1920,1080,3.6,12,512,2.2,6.64,949.0
2 in 1 Convertible,11.6,1366,768,1.0,4,128,1.39,3.4,603.0
Notebook,15.6,1920,1080,2.8,16,1128,2.5,25.7,1699.0
Notebook,17.3,1920,1080,2.0,4,500,2.8,4.2,529.0
Notebook,15.6,1366,768,2.3,8,1000,2.29,4.2,459.0
2 in 1 Convertible,13.3,1920,1080,2.7,8,512,1.37,4.54,2025.0
Notebook,14.0,1920,1080,2.5,8,256,1.7,5.08,1474.0
2 in 1 Convertible,12.5,1920,1080,2.5,8,256,1.34,4.54,1670.0
Workstation,15.6,1920,1080,2.8,8,256,2.06,52.6,1763.0
Notebook,15.6,1920,1080,2.7,8,256,1.84,4.54,1219.0
Notebook,15.6,1366,768,2.4,4,500,2.1,4.54,668.48
Notebook,14.0,1920,1080,1.1,4,32,1.6,3.44,329.0
Gaming,17.3,1920,1080,2.7,16,1128,4.14,30.7,2199.0
Gaming,15.6,3840,2160,2.8,16,2256,1.8,46.7,2299.0
Notebook,15.6,1920,1080,2.5,8,256,2.2,4.2,1399.0
Notebook,15.6,1920,1080,2.5,6,1000,2.4,4.54,564.0
2 in 1 Convertible,15.6,1920,1080,2.8,8,256,2.0,5.08,1299.0
Notebook,14.0,1366,768,1.6,4,128,1.6,2.1,349.0
Notebook,15.6,3840,2160,3.1,32,1000,2.5,84.6,4899.0
Gaming,15.6,1920,1080,2.6,16,1000,2.59,32.9,879.01
Notebook,15.6,1366,768,2.0,4,1000,2.18,4.2,443.9
Notebook,15.6,1366,768,2.0,4,1000,2.25,4.2,359.0
Notebook,15.6,1366,768,2.6,4,500,1.93,4.54,869.0
Gaming,17.3,1920,1080,2.8,8,1128,3.0,25.7,1168.0
Ultrabook,15.6,1920,1080,2.7,8,512,1.84,4.54,1389.0
Gaming,15.6,1920,1080,2.8,16,1256,2.94,79.7,2267.86
2 in 1 Convertible,11.6,1366,768,1.6,4,32,1.25,3.18,379.0
Notebook,14.0,1366,768,2.6,8,256,2.31,4.54,1124.0
Notebook,14.0,1920,1080,2.3,8,256,1.65,4.2,1465.0
Notebook,15.6,1920,1080,1.6,4,1000,2.2,6.64,776.0
Notebook,15.6,1366,768,2.5,8,256,2.2,4.54,799.0
Notebook,15.6,1366,768,2.3,4,500,1.88,4.2,932.0
Notebook,15.6,1920,1080,2.7,8,1000,2.2,5.76,899.0
Notebook,14.0,1920,1080,1.44,2,32,1.4,1.56,239.0
Notebook,15.6,1920,1080,2.5,4,128,2.2,4.54,468.0
2 in 1 Convertible,13.3,1920,1080,2.5,6,1000,1.5,4.54,639.01
Notebook,15.6,1920,1080,2.8,8,256,2.0,25.7,1820.0
Ultrabook,14.0,1920,1080,2.7,16,512,1.1,4.54,1900.0
Gaming,15.6,1920,1080,2.8,16,1256,2.62,29.3,1479.0
Notebook,15.6,1920,1080,1.6,4,256,1.8,4.8,829.0
Notebook,15.6,1366,768,1.1,8,1000,2.0,3.44,399.0
Notebook,15.6,1920,1080,2.5,8,1000,1.99,25.7,906.62
Ultrabook,13.3,3200,1800,1.6,8,256,1.23,4.8,1869.0
Notebook,14.0,1366,768,1.6,2,32,1.42,3.18,249.0
2 in 1 Convertible,13.3,1920,1080,2.7,8,256,1.37,4.54,1757.42
Notebook,15.6,3840,2160,2.8,16,1000,2.06,25.7,2399.0
Gaming,15.6,1920,1080,2.8,8,1128,2.5,23.0,1109.0
Notebook,17.0,1600,900,3.0,8,1000,2.6,2.05,520.9
Ultrabook,14.0,1920,1080,2.7,16,512,1.14,4.54,2450.0
Gaming,15.6,1920,1080,2.8,8,1000,2.5,29.3,1169.0
Notebook,15.6,1366,768,2.0,4,500,2.4,4.2,450.0
Notebook,14.0,1366,768,1.6,4,32,1.43,1.56,274.0
Ultrabook,14.0,1920,1080,2.5,8,256,1.8,4.54,919.0
Gaming,14.0,1920,1080,2.8,16,256,1.95,46.7,2599.0
Notebook,13.3,1920,1080,2.3,8,256,1.2,4.2,1213.0
Ultrabook,12.5,1920,1080,2.7,8,256,1.36,4.54,1584.0
Gaming,17.3,1920,1080,2.7,32,512,3.8,102.0,2799.0
Gaming,15.6,1920,1080,2.5,8,1000,2.4,25.7,709.0
Ultrabook,13.3,1920,1080,1.6,8,256,1.2,4.8,1449.9
Gaming,15.6,1920,1080,2.8,8,1128,2.2,29.3,1191.8
Notebook,15.6,1366,768,2.0,4,500,1.86,4.2,364.9
Notebook,15.6,1920,1080,2.5,8,500,2.0,4.54,1064.0
Notebook,15.6,1920,1080,1.8,8,256,2.2,6.64,919.0
Notebook,15.6,1920,1080,1.8,16,2256,2.2,6.64,1135.0
Gaming,15.6,1920,1080,2.6,8,1128,3.31,32.9,1196.0
Gaming,17.3,3840,2160,2.8,32,1512,4.42,79.7,3147.37
Notebook,14.0,1920,1080,2.4,8,256,1.56,4.2,1229.0
Notebook,15.6,1366,768,1.1,4,500,2.2,3.44,419.0
Notebook,15.6,1920,1080,2.3,4,500,2.2,4.2,535.0
Gaming,17.3,1920,1080,2.8,8,1128,2.7,46.7,1486.77
Notebook,15.6,1366,768,2.1,4,128,2.1,4.2,498.0
Notebook,15.6,1920,1080,2.5,8,1000,2.06,4.54,955.0
Notebook,15.6,1920,1080,2.7,8,1000,2.1,6.64,745.0
Notebook,15.6,1920,1080,2.5,8,256,2.0,4.54,1258.0
Notebook,15.6,1366,768,2.0,4,128,2.1,4.2,412.0
Ultrabook,13.5,2256,1504,2.8,8,256,1.252,7.49,1867.85
2 in 1 Convertible,13.3,1920,1080,2.5,8,256,1.3,4.54,1034.0
Notebook,15.6,1366,768,2.2,4,128,2.2,12.3,349.0
2 in 1 Convertible,14.0,1920,1080,2.4,4,128,1.63,8.62,699.0
Gaming,15.6,1920,1080,2.8,16,1256,2.4,25.7,1294.0
Ultrabook,14.0,1920,1080,2.5,8,256,1.1,4.54,1135.0
2 in 1 Convertible,11.6,1366,768,1.1,8,64,1.4,3.44,495.0
Ultrabook,15.6,1920,1080,1.8,8,512,1.09,4.54,2299.0
Gaming,15.6,1920,1080,2.5,16,256,2.5,29.3,1299.0
Gaming,15.6,1920,1080,2.5,8,256,2.2,25.7,997.9
Notebook,15.6,1366,768,1.1,4,128,1.86,3.44,419.0
Gaming,15.6,1920,1080,2.5,16,1128,3.21,46.7,2051.0
Notebook,17.3,1920,1080,2.0,4,256,2.5,51.3,699.0
2 in 1 Convertible,13.3,1920,1080,1.8,8,512,1.19,4.8,1499.0
Gaming,15.6,1920,1080,2.9,16,1256,3.49,79.7,2813.75
Notebook,15.6,1366,768,2.5,4,500,1.86,4.96,612.61
Notebook,17.3,1920,1080,2.4,6,2000,2.65,73.1,569.0
Notebook,15.6,1366,768,1.6,4,500,2.1,2.54,318.0
Notebook,14.0,1366,768,1.6,4,32,1.45,2.54,375.0
Notebook,14.0,1920,1080,2.5,4,256,1.7,4.54,699.0
Workstation,17.3,1920,1080,2.8,8,500,3.14,8.37,1907.99
2 in 1 Convertible,14.0,2560,1440,2.7,8,256,1.42,4.54,2590.0
Notebook,13.3,1920,1080,2.5,8,256,1.5,4.54,973.0
Netbook,11.6,1366,768,1.6,4,32,1.4,1.56,269.0
2 in 1 Convertible,14.0,1920,1080,2.7,16,512,1.38,4.54,1749.0
2 in 1 Convertible,12.5,1920,1080,0.9,4,64,1.2,2.92,669.0
Ultrabook,13.3,1920,1080,2.5,16,512,1.36,4.2,1877.0
Notebook,15.6,1920,1080,2.7,4,500,2.1,6.64,689.0
Gaming,15.6,1920,1080,2.5,8,1000,2.56,25.7,819.0
Notebook,15.6,1920,1080,2.9,4,256,2.2,6.64,399.0
Notebook,15.6,1366,768,3.6,8,1000,2.2,72.3,429.0
Notebook,15.6,1920,1080,2.5,4,1000,2.1,4.54,621.45
Notebook,15.6,1366,768,2.0,4,500,1.9,4.2,450.0
Notebook,15.6,1920,1080,2.5,8,256,2.18,4.54,795.0
2 in 1 Convertible,13.3,1920,1080,1.6,8,256,1.6,4.8,999.0
Notebook,14.0,1920,1080,2.3,8,256,1.8,4.2,1191.0
Notebook,17.3,1920,1080,2.5,6,2000,2.71,6.64,655.01
Gaming,15.6,1920,1080,2.8,8,1128,2.5,29.3,1249.0
Notebook,14.0,1920,1080,2.8,8,256,1.64,7.91,1089.0
Notebook,15.6,1920,1080,2.5,8,1000,1.98,4.54,726.0
Notebook,14.0,1920,1080,1.1,4,32,1.5,3.44,298.0
Notebook,15.6,1920,1080,2.6,16,512,1.93,4.54,1426.66
Notebook,14.0,1920,1080,2.5,8,256,1.87,5.76,857.07
Notebook,15.6,1920,1080,2.6,8,256,1.9,4.54,1179.0
Notebook,15.6,1366,768,2.0,4,500,2.19,17.5,298.0
Notebook,14.0,1920,1200,1.92,4,32,1.4,3.18,265.0
Notebook,17.3,1920,1080,2.7,8,256,2.63,7.91,1200.0
Ultrabook,14.0,2560,1440,2.5,8,512,1.17,4.2,1686.64
2 in 1 Convertible,13.3,1366,768,2.5,8,256,1.58,4.54,836.6
Ultrabook,14.0,1920,1080,2.5,8,256,1.32,4.54,1499.0
Gaming,17.3,3840,2160,2.8,32,1000,4.36,79.7,3659.4
Gaming,17.3,1920,1080,2.8,8,1128,2.7,29.3,1348.48
Notebook,15.6,1366,768,2.5,4,1000,1.9,4.54,489.9
Notebook,15.6,1920,1080,1.6,8,1128,2.2,6.64,719.0
2 in 1 Convertible,13.3,1920,1080,2.4,4,1000,1.71,4.54,649.0
Notebook,15.6,1366,768,2.5,8,1000,2.32,21.2,589.52
Notebook,15.6,1920,1080,3.0,4,1000,2.1,4.96,489.0
Gaming,17.3,1920,1080,2.6,16,1128,4.2,46.7,1935.0
Notebook,15.6,1366,768,2.5,12,1000,2.25,4.54,649.0
Notebook,15.6,1920,1080,3.0,6,1128,2.1,4.96,650.0
Notebook,15.6,1366,768,2.5,4,500,2.4,4.54,559.0
Notebook,13.3,1920,1080,2.5,8,256,1.44,4.54,960.0
Notebook,15.6,1920,1080,2.7,4,1000,1.85,4.54,779.0
Workstation,15.6,1920,1080,2.8,16,256,2.6,79.6,2419.0
2 in 1 Convertible,13.3,1920,1080,1.6,8,1000,1.55,4.8,659.0
Gaming,15.6,1920,1080,2.8,16,1256,1.8,46.7,2094.48
Notebook,15.6,1366,768,2.0,4,500,2.4,4.2,410.8
Notebook,15.6,1920,1080,2.7,8,1128,2.0,8.62,1207.0
Notebook,15.6,1366,768,2.0,8,256,2.0,4.2,665.0
Notebook,14.0,1920,1080,2.5,8,256,1.25,4.54,1535.0
2 in 1 Convertible,14.0,1920,1080,2.5,8,256,1.7,4.54,999.0
Notebook,14.0,1366,768,1.6,2,32,1.68,3.18,330.0
Ultrabook,13.3,1920,1080,2.7,16,256,0.81,4.54,1649.0
Notebook,15.6,1920,1080,2.0,8,256,1.86,4.2,539.0
Notebook,14.0,1366,768,2.5,8,256,1.6,4.54,1126.71
Workstation,17.3,1920,1080,2.9,16,256,3.0,60.3,4389.0
Netbook,11.6,1366,768,1.6,4,128,1.4,3.18,475.0
Notebook,15.6,1920,1080,2.4,8,256,1.84,4.2,1900.0
Notebook,15.6,1366,768,2.3,4,1000,2.45,14.0,579.0
Ultrabook,14.0,1920,1080,2.3,4,180,1.7,4.2,1096.0
Notebook,15.6,1366,768,2.7,4,256,2.37,4.54,849.9
2 in 1 Convertible,13.3,3200,1800,1.8,8,256,1.3,27.2,1199.0
Notebook,15.6,1920,1080,2.5,8,1128,2.2,25.7,1099.0
Workstation,15.6,1920,1080,2.6,8,256,2.59,53.4,1561.0
Gaming,15.6,3840,2160,2.8,16,1256,4.42,79.7,2868.99
Notebook,15.6,1366,768,2.5,4,256,2.1,4.54,599.0
Gaming,15.6,1920,1080,2.8,8,1128,2.5,25.7,1048.0
Ultrabook,12.5,1920,1080,2.8,16,256,1.18,4.54,1859.0
Ultrabook,12.3,2400,1600,1.2,8,256,1.1,3.4,1559.0
Ultrabook,13.3,3200,1800,2.5,8,256,1.2,4.54,1129.0
Notebook,13.3,1366,768,2.0,4,500,1.65,4.2,849.0
Notebook,13.3,1366,768,2.3,4,128,1.6,4.2,655.0
Notebook,17.3,1366,768,1.1,4,1000,2.8,5.76,470.34
Gaming,15.6,3840,2160,2.6,16,1128,2.72,16.4,1099.0
Ultrabook,13.3,1920,1080,2.7,8,256,1.31,4.54,1599.0
Notebook,15.6,1920,1080,2.7,16,256,2.3,21.2,1181.27
2 in 1 Convertible,15.0,1920,1080,2.7,16,256,1.71,10.5,1799.0
Notebook,14.0,1366,768,2.3,4,128,1.75,4.2,1020.0
Gaming,15.6,1920,1080,2.8,8,1000,2.62,25.7,1099.0
Ultrabook,12.5,1366,768,2.3,4,256,1.26,4.2,1244.0
2 in 1 Convertible,15.6,1920,1080,2.7,12,2000,2.3,8.62,839.0
Notebook,15.6,3840,2160,2.7,16,512,2.5,60.3,2370.0
Notebook,14.0,1920,1080,2.4,4,128,1.8,4.54,636.0
Gaming,14.0,1920,1080,2.8,16,512,1.95,46.7,2899.0
Gaming,17.3,1920,1080,2.8,32,1000,4.42,72.5,3588.8
Gaming,17.3,1920,1080,2.6,16,1256,4.3,79.7,2350.0
Ultrabook,14.0,1920,1080,2.6,16,512,1.47,7.91,1764.0
Notebook,15.6,1366,768,1.6,8,1000,2.2,2.1,329.0
Ultrabook,14.0,1920,1080,2.7,16,512,1.7,4.54,2299.0
Gaming,14.0,1920,1080,2.8,16,1256,1.6,46.7,1891.0
Gaming,15.6,1920,1080,2.5,8,1128,2.2,25.7,1089.0
Gaming,15.6,1920,1080,2.8,4,1000,2.4,25.7,999.0
Gaming,17.3,1920,1080,2.8,16,1256,4.2,46.7,2299.0
Gaming,15.6,1920,1080,2.5,8,256,2.62,25.7,985.0
Gaming,15.6,1920,1080,2.8,8,1128,2.24,56.1,1339.0
Notebook,14.0,1920,1080,1.1,4,32,1.22,3.44,202.9
2 in 1 Convertible,13.3,1920,1080,2.7,8,512,1.37,4.54,1970.0
2 in 1 Convertible,15.6,1920,1080,2.5,8,256,2.08,35.8,959.0
Ultrabook,12.0,2304,1440,1.2,8,512,0.92,2.53,1165.0
2 in 1 Convertible,14.0,2560,1440,2.5,8,256,1.42,4.54,2330.0
Notebook,14.0,1366,768,1.1,4,32,1.63,3.44,299.0
Notebook,15.6,1366,768,2.5,8,128,1.95,4.54,810.0
2 in 1 Convertible,13.9,1920,1080,2.7,8,256,1.38,4.54,1349.0
Notebook,15.6,1920,1080,2.0,8,256,2.0,63.2,739.0
Workstation,15.6,1920,1080,2.8,8,256,3.14,79.6,2064.9
Notebook,15.6,1920,1080,2.5,8,256,2.37,4.54,1099.0
Ultrabook,13.3,1920,1080,2.5,8,256,1.29,4.54,1499.0
Notebook,15.6,3840,2160,2.5,8,256,2.06,25.7,1749.0
Netbook,12.5,1366,768,2.6,8,256,1.26,4.54,1389.0
Notebook,15.6,1366,768,2.3,4,500,2.1,4.2,780.0
Notebook,15.6,1366,768,2.5,8,2000,2.04,5.92,629.0
Gaming,15.6,3840,2160,2.8,16,512,2.62,29.3,1679.0
Notebook,15.6,1920,1080,2.5,4,1000,2.4,5.76,609.0
Gaming,17.3,1920,1080,2.8,12,1000,3.74,51.6,1749.0
Gaming,17.3,1920,1080,2.8,16,1512,2.9,79.7,2415.0
Ultrabook,13.3,1920,1080,2.5,8,256,0.81,4.54,1499.0
Notebook,15.6,1920,1080,2.7,8,1000,1.98,57.7,961.0
Ultrabook,14.0,1920,1080,2.7,8,256,1.32,4.54,1859.0
Ultrabook,12.5,3840,2160,2.5,16,512,1.29,4.54,1799.0
Netbook,11.6,1366,768,1.6,4,16,1.23,3.18,385.0
Gaming,17.3,1920,1080,2.8,16,1128,4.36,46.7,2505.02
Notebook,14.0,1366,768,2.3,4,500,1.76,4.2,755.0
Notebook,15.6,1366,768,2.0,4,500,2.1,4.2,489.9
Ultrabook,14.0,1366,768,2.5,4,128,1.25,4.54,1090.0
Ultrabook,14.0,1920,1080,2.7,8,512,1.13,4.54,2499.0
Gaming,15.6,1920,1080,2.5,8,256,2.4,25.7,1199.0
Ultrabook,14.0,1920,1080,2.5,8,256,1.13,4.54,1875.0
Notebook,14.0,1366,768,2.1,4,128,1.75,2.54,499.0
2 in 1 Convertible,13.3,1920,1080,2.5,8,256,1.1,4.54,1358.0
Notebook,14.0,1366,768,2.0,4,500,1.76,4.2,585.0
Netbook,11.6,1366,768,1.6,4,32,1.35,3.18,355.0
Notebook,14.0,1920,1080,2.4,8,128,1.5,4.54,619.0
Gaming,17.3,3840,2160,2.9,32,512,3.49,102.0,5499.0
Ultrabook,14.0,2560,1440,2.6,16,512,1.1,4.2,2099.0
Notebook,15.6,1920,1080,2.5,4,1000,2.1,5.76,519.0
Notebook,14.0,1920,1080,2.3,8,256,1.7,4.2,1186.0
Notebook,14.0,1920,1080,2.6,8,256,1.32,4.54,1650.0
Gaming,15.6,1920,1080,2.8,16,1256,3.21,79.7,2774.63
Gaming,17.3,1920,1080,2.8,16,1256,2.9,79.7,2419.0
Notebook,15.6,1366,768,2.4,4,500,2.0,4.54,669.0
Notebook,14.0,1366,768,1.6,4,16,1.5,3.18,325.0
Notebook,15.6,1920,1080,2.5,8,128,2.3,4.54,590.0
Gaming,17.3,1920,1080,2.6,16,1512,2.73,46.7,1799.0
Gaming,17.3,1920,1080,2.8,32,1512,4.42,79.7,3072.89
Notebook,17.3,1600,900,2.5,8,1000,2.63,7.91,910.0
Notebook,15.6,1366,768,2.5,8,128,2.18,4.54,713.99
Ultrabook,14.0,1920,1080,2.5,8,512,1.54,4.2,1870.0
2 in 1 Convertible,11.6,1366,768,1.1,4,32,1.4,3.44,615.0
Ultrabook,13.3,1920,1080,2.3,8,512,1.45,9.0,1026.0
2 in 1 Convertible,13.3,1920,1080,2.5,8,256,1.28,4.54,2277.0
Ultrabook,14.0,1920,1080,2.5,8,512,1.54,4.2,1468.0
Notebook,15.6,1366,768,1.6,4,128,1.86,3.18,299.0
Gaming,15.6,1920,1080,2.8,16,1128,2.1,46.7,1899.0
Notebook,17.3,1920,1080,2.7,8,1000,2.83,21.2,865.0
Ultrabook,14.0,1920,1080,2.8,8,256,1.96,57.7,1903.0
Notebook,15.6,1920,1080,2.7,8,256,2.3,30.7,787.0
Notebook,15.6,1920,1080,2.5,8,128,1.9,4.54,945.0
2 in 1 Convertible,13.3,1920,1080,2.8,8,256,1.28,4.54,2559.0
Notebook,13.3,1920,1080,2.3,8,1000,1.62,4.2,649.0
Notebook,15.6,1920,1080,2.0,4,1000,2.2,4.2,469.0
Notebook,15.6,1920,1080,2.5,8,1000,2.3,4.54,850.66
Notebook,15.6,1920,1080,2.6,8,256,1.84,21.0,1349.0
Notebook,13.3,1920,1080,2.5,4,128,1.05,4.54,1285.0
Gaming,15.6,1920,1080,2.5,8,1000,2.5,25.7,1017.0
Ultrabook,13.3,3200,1800,2.5,16,512,1.29,7.49,2240.0
Notebook,15.6,1920,1080,2.3,4,500,2.07,4.2,910.0
Ultrabook,13.3,1366,768,2.3,8,256,1.2,4.2,1095.0
2 in 1 Convertible,13.3,1920,1080,2.7,8,256,1.37,4.54,1950.0
Notebook,14.0,1920,1080,2.5,8,256,1.56,4.54,902.0
Workstation,15.6,1920,1080,2.8,8,1000,2.23,52.6,1778.0
Notebook,15.6,1366,768,2.5,4,500,2.38,4.54,1055.0
Notebook,15.6,1920,1080,2.7,8,256,2.0,4.54,1388.0
Notebook,13.3,1920,1080,2.4,4,180,1.44,4.54,735.0
Ultrabook,15.0,1920,1080,2.7,16,256,1.23,8.62,1849.0
Ultrabook,12.5,1920,1080,2.8,8,256,1.6,4.54,1690.0
Ultrabook,13.3,1920,1080,2.3,8,256,1.28,8.62,935.0
Notebook,15.6,1920,1080,2.5,4,1128,2.18,8.62,912.5
Notebook,15.6,1920,1080,2.5,4,256,2.04,4.54,839.0
2 in 1 Convertible,13.3,1920,1080,2.5,4,256,1.28,4.54,1700.0
2 in 1 Convertible,15.6,1366,768,2.5,4,500,2.3,4.54,684.8
Notebook,14.1,1366,768,1.1,4,32,1.65,3.44,348.0
Notebook,15.6,1920,1080,2.5,8,1000,2.2,8.62,669.0
Notebook,15.6,1366,768,1.6,4,500,2.2,1.56,369.0
2 in 1 Convertible,13.3,1920,1080,2.5,4,256,1.28,4.54,1799.0
Notebook,15.6,1366,768,2.0,4,1000,2.18,63.2,455.7
Gaming,17.3,1920,1080,2.5,12,1128,2.2,25.7,1369.9
Netbook,11.6,1366,768,1.6,4,32,1.25,3.18,297.0
Notebook,17.3,1600,900,2.2,4,500,2.8,1.77,379.0
Notebook,14.0,1920,1080,2.5,4,128,1.95,4.54,1265.0
2 in 1 Convertible,13.3,3200,1800,2.7,16,256,1.42,4.54,1399.0
Ultrabook,15.0,1920,1080,2.7,8,256,1.17,4.54,1699.0
Ultrabook,14.0,1920,1080,2.5,8,256,1.32,4.54,1799.0
Gaming,17.3,3840,2160,2.6,16,2512,2.43,46.7,2649.0
Notebook,13.3,1920,1080,2.5,8,256,1.05,4.54,1475.0
Gaming,15.6,1920,1080,2.8,8,1000,2.62,29.3,929.0
Notebook,15.6,1920,1080,2.7,8,1000,2.04,7.91,900.0
Notebook,15.6,1366,768,2.0,4,1000,2.18,63.2,614.0
Notebook,15.6,1920,1080,2.6,8,500,1.9,4.54,935.0
2 in 1 Convertible,13.3,3200,1800,1.3,8,512,1.24,3.4,2013.1
Gaming,17.3,1920,1080,2.7,32,256,3.58,40.6,1279.0
2 in 1 Convertible,13.3,1920,1080,1.3,16,256,1.22,3.4,1649.0
Ultrabook,14.0,1920,1080,2.7,8,256,1.13,4.54,2049.0
Notebook,15.6,1920,1080,2.5,8,512,1.95,4.54,1962.99
Ultrabook,15.6,1920,1080,2.7,16,512,1.08,4.54,2099.0
Netbook,12.5,1920,1080,2.7,8,512,1.26,4.54,1483.0
Notebook,15.6,1920,1080,1.5,4,16,2.2,1.56,359.0
Notebook,15.6,1920,1080,2.3,8,1128,2.6,16.4,789.0
Ultrabook,14.0,1920,1080,2.7,8,512,0.98,4.54,1899.0
Notebook,14.0,1920,1080,2.8,8,256,1.6,4.54,1205.0
Ultrabook,12.5,3840,2160,1.2,8,240,1.09,2.92,3100.0
Notebook,15.6,1920,1080,2.7,6,256,2.2,8.62,789.0
Notebook,15.6,1920,1080,2.7,8,256,2.04,7.91,1018.99
Notebook,15.6,1920,1080,2.4,4,1000,2.4,4.54,499.0
Notebook,13.3,1920,1080,2.5,4,128,1.44,4.54,881.0
Notebook,13.3,1920,1080,2.5,8,256,1.49,4.54,960.0
Gaming,17.3,1920,1080,2.8,16,1256,2.7,29.3,1599.0
Gaming,15.6,1920,1080,2.8,16,1128,2.6,29.3,1349.0
Gaming,15.6,1920,1080,2.5,8,1128,2.2,25.7,1119.91
Ultrabook,15.6,1920,1080,2.5,8,256,1.84,14.0,1296.99
Ultrabook,13.3,3200,1800,2.7,8,256,1.39,4.54,1149.0
Notebook,15.6,1920,1080,2.6,16,256,2.4,7.91,1975.0
2 in 1 Convertible,13.3,1920,1080,2.5,8,512,1.37,4.54,1825.0
Notebook,15.6,1366,768,2.3,4,500,1.95,4.2,729.9
Ultrabook,12.5,1920,1080,2.7,8,256,1.36,4.54,1650.0
Notebook,15.6,1920,1080,2.3,8,256,2.31,4.2,1165.0
Notebook,15.6,1366,768,2.5,4,1000,2.18,4.54,708.06
Notebook,14.0,1366,768,2.3,4,500,1.95,4.2,1149.0
Ultrabook,12.5,1920,1080,2.3,4,500,1.26,4.2,1579.0
Notebook,15.6,1366,768,1.6,4,1000,1.86,3.18,288.9
2 in 1 Convertible,13.3,3200,1800,2.2,16,1000,1.3,7.52,1799.0
Notebook,14.0,1920,1080,2.3,4,128,1.47,4.2,1105.0
Netbook,12.5,1920,1080,2.3,8,256,1.26,4.2,1669.0
Notebook,15.6,1366,768,2.0,4,1000,2.18,4.2,558.6
Gaming,15.6,1920,1080,2.8,8,1128,2.2,25.7,1199.0
Ultrabook,14.0,1920,1080,2.5,8,256,1.36,4.54,1639.0
Gaming,17.3,2560,1440,2.7,16,1512,4.36,102.0,2758.0
Gaming,17.3,1920,1080,2.3,8,1128,2.75,23.5,1399.0
Notebook,17.3,1600,900,1.6,4,1000,2.8,5.76,530.0
Notebook,15.6,1366,768,2.5,4,500,2.23,4.54,619.0
Notebook,15.6,1366,768,2.3,8,256,2.2,4.2,1119.0
2 in 1 Convertible,11.3,1920,1080,1.2,8,256,1.1,2.92,1299.0
Ultrabook,12.5,1920,1080,2.5,8,256,1.36,1.56,1472.2
Notebook,15.6,1920,1080,2.7,8,1000,2.2,5.76,685.0
Notebook,17.3,1600,900,2.0,4,1000,2.36,21.2,659.0
Notebook,14.0,1366,768,1.6,4,32,1.68,3.18,349.0
Workstation,15.6,1920,1080,2.7,8,8,2.0,53.4,2249.0
Ultrabook,14.0,1920,1080,2.8,8,256,1.36,4.54,1775.0
Notebook,13.3,1920,1080,2.3,8,256,1.2,4.2,1460.0
2 in 1 Convertible,12.5,1920,1080,1.2,8,64,1.2,2.92,1159.0
Ultrabook,14.0,1920,1080,2.6,8,256,1.7,4.2,1488.99
Gaming,17.3,3840,2160,2.8,16,1512,4.36,79.7,3154.0
2 in 1 Convertible,13.3,1920,1080,1.2,8,256,1.24,3.4,1899.0
Ultrabook,13.3,3200,1800,2.5,8,256,1.3,4.2,1268.0
2 in 1 Convertible,11.6,1366,768,1.6,4,32,1.25,3.18,389.0
Notebook,13.3,1920,1080,2.4,8,256,1.2,4.2,1535.0
Ultrabook,12.5,1920,1080,2.6,8,256,1.36,4.54,1760.0
Notebook,15.6,1920,1080,2.5,12,1128,2.4,14.0,1009.0
Ultrabook,12.5,1920,1080,2.7,8,512,1.1,4.54,1790.0
Notebook,15.6,1366,768,2.5,8,1000,2.04,7.91,846.5
Notebook,15.6,1366,768,2.5,4,500,1.9,4.54,825.0
Notebook,15.6,1920,1080,2.4,4,500,2.04,4.54,685.0
Gaming,17.3,1920,1080,2.8,32,1256,4.42,79.7,3149.0
Notebook,15.6,1920,1080,2.5,6,256,2.4,5.76,695.0
2 in 1 Convertible,13.3,3200,1800,1.3,16,512,1.22,3.4,1899.0
Ultrabook,14.0,2560,1440,2.6,8,256,1.5,4.2,1962.98
Gaming,17.3,1920,1080,2.6,32,1256,4.42,79.7,2800.0
Notebook,14.0,1920,1080,2.3,8,256,1.95,4.2,1180.0
Gaming,17.3,1920,1080,2.8,16,1256,2.73,46.7,2049.9
Notebook,15.6,1920,1080,2.7,8,1128,2.04,7.91,979.0
Notebook,14.0,1366,768,2.3,4,508,1.7,4.2,1002.0
2 in 1 Convertible,15.6,3840,2160,2.7,16,2512,2.3,14.0,1799.0
Notebook,15.6,1366,768,2.7,6,1000,2.04,4.54,579.0
Gaming,17.3,1920,1080,2.8,16,1256,2.99,29.3,1749.0
2 in 1 Convertible,15.6,1920,1080,2.7,12,512,2.19,4.54,1299.0
Notebook,13.3,1920,1080,2.3,4,128,1.2,4.2,1195.0
Notebook,15.6,1920,1080,3.6,6,256,2.2,6.64,549.0
Notebook,15.6,1366,768,2.3,4,256,2.3,4.2,649.0
Notebook,14.0,1366,768,2.3,4,500,1.75,4.2,915.0
Notebook,15.6,1920,1080,2.5,8,1000,2.04,4.54,806.0
Gaming,15.6,1920,1080,2.8,8,1128,2.5,46.7,1189.0
Notebook,15.6,1366,768,2.7,8,1000,2.36,21.2,749.0
Netbook,12.5,1920,1080,1.2,8,512,0.97,2.92,1908.0
Notebook,15.6,1920,1080,2.0,4,1128,2.1,4.96,499.0
Notebook,15.6,1366,768,1.1,4,128,1.9,3.44,270.62
Notebook,15.6,1920,1080,2.3,8,256,2.3,4.2,1349.0
2 in 1 Convertible,13.3,1920,1080,2.5,8,256,1.68,4.54,889.0
Notebook,13.3,3200,1800,2.5,8,256,1.4,4.54,1150.0
Ultrabook,13.3,1920,1080,2.7,8,256,1.11,4.54,1349.0
Gaming,15.6,1920,1080,2.8,16,1256,2.5,29.3,1799.0
Ultrabook,14.0,1920,1080,2.7,8,512,1.48,4.54,2089.0
Gaming,15.6,1920,1080,2.8,8,1128,2.7,25.7,1260.0
Notebook,13.3,1920,1080,2.5,8,256,1.34,4.54,1189.0
Notebook,15.6,1366,768,2.4,4,128,2.18,4.54,547.0
Notebook,14.0,1366,768,2.5,4,500,1.64,4.54,779.0
Notebook,13.3,1920,1080,2.3,4,128,1.2,4.2,1195.0
Notebook,14.0,1366,768,2.4,4,256,1.48,4.2,1099.99
Notebook,14.0,1920,1080,2.5,4,256,1.95,4.54,1205.0
Ultrabook,14.0,1920,1080,2.6,8,256,1.43,4.2,1449.0
Notebook,14.0,1920,1080,2.5,8,256,1.64,7.91,1049.26
Notebook,14.0,1366,768,2.4,4,500,1.64,4.54,684.0
Gaming,15.6,1920,1080,2.5,8,0,2.65,25.7,949.0
Ultrabook,12.5,1920,1080,2.5,4,500,1.26,4.54,1539.0
Notebook,14.0,1920,1080,2.5,4,256,1.48,4.54,1590.0
Ultrabook,14.0,1920,1080,2.5,8,256,1.54,4.2,1887.21
Notebook,13.3,1366,768,2.4,4,500,1.49,4.54,800.0
Notebook,13.3,1366,768,2.3,8,256,1.5,4.2,1210.0
Notebook,15.6,1366,768,2.4,4,256,2.04,4.54,769.99
Notebook,17.3,3840,2160,2.7,16,512,2.4,5.63,2968.0
Notebook,14.0,1920,1080,2.3,8,256,1.47,4.2,1490.0
Notebook,14.0,1920,1080,2.5,8,256,1.43,4.2,2229.0
2 in 1 Convertible,15.6,1920,1080,2.3,4,1000,2.08,4.2,795.99
Ultrabook,13.3,1920,1080,2.3,8,256,1.2,4.2,1590.0
Notebook,13.3,1920,1080,2.5,8,256,1.11,4.54,1149.0
Notebook,14.0,1920,1080,2.7,8,256,1.64,7.91,1185.43
Notebook,15.6,1920,1080,2.4,8,500,2.09,4.2,1046.44
Ultrabook,12.5,1366,768,2.5,4,256,1.26,4.54,1559.0
Notebook,14.0,1366,768,2.5,4,500,2.31,4.54,1189.0
Notebook,14.0,1366,768,2.5,4,500,1.95,4.54,1060.0
Ultrabook,13.3,3200,1800,2.5,8,256,1.29,4.54,1624.0
Notebook,17.3,1920,1080,2.5,8,256,2.63,7.91,1080.0
Notebook,14.0,1366,768,2.5,4,256,1.64,4.54,973.0
Notebook,15.6,1366,768,3.0,6,1000,2.1,2.05,409.0
Gaming,17.3,1920,1080,2.8,8,1128,2.7,25.7,1191.8
Notebook,14.0,1920,1080,2.3,8,256,1.95,4.2,1195.0
Notebook,15.6,1920,1080,2.5,8,256,1.84,4.2,1228.99
Ultrabook,12.5,1920,1080,2.5,8,256,1.26,4.2,1349.0
Notebook,15.6,1366,768,2.5,4,500,2.04,4.54,742.0
Ultrabook,14.0,1920,1080,2.6,8,256,1.47,4.2,1725.0
Notebook,15.6,1920,1080,2.4,8,256,2.09,4.2,1062.95
Notebook,14.0,1920,1080,2.5,8,256,1.64,4.54,1010.51
2 in 1 Convertible,15.6,1920,1080,2.5,4,256,1.8,4.2,847.0
Notebook,14.0,1366,768,1.44,2,32,1.45,3.18,210.8
Notebook,15.6,1920,1080,2.5,16,256,2.4,7.91,1425.0
Notebook,15.6,1920,1080,2.3,8,256,2.3,4.2,1049.6
Notebook,14.0,1920,1080,2.3,4,500,1.54,4.2,1000.0
Notebook,15.6,1920,1080,2.4,8,256,1.84,4.2,2103.34
Notebook,14.0,1920,1080,2.3,8,256,1.43,4.2,1469.0
Gaming,17.3,1920,1080,2.7,16,1256,3.78,40.6,1545.64
Gaming,17.3,1920,1080,2.6,16,1128,4.6,40.6,2289.99
Netbook,11.6,1366,768,1.6,4,16,1.2,3.18,287.9
Notebook,14.0,2560,1440,2.6,16,256,1.1,4.2,2620.0
Notebook,15.6,1920,1080,2.7,8,1000,1.91,8.62,979.0
2 in 1 Convertible,15.6,1920,1080,2.7,8,256,2.3,4.54,1094.0
Notebook,15.6,1366,768,2.5,4,256,2.04,4.54,979.0
Ultrabook,13.3,3200,1800,2.7,16,1000,1.2,4.54,2254.0
Notebook,15.6,1366,768,2.3,4,500,2.31,4.2,705.15
Notebook,15.6,1366,768,2.5,4,500,1.96,4.54,499.0
Notebook,15.6,1366,768,2.2,8,1000,2.4,2.05,449.0
2 in 1 Convertible,13.3,1920,1080,2.7,12,256,1.6,4.54,1299.0
Gaming,15.6,1920,1080,2.6,16,1256,2.94,46.7,1819.0
Notebook,15.6,1920,1080,2.7,8,256,2.04,4.54,1070.0
Gaming,17.3,1920,1080,2.6,16,1000,4.0,23.5,998.0
Notebook,15.6,1920,1080,2.5,4,1000,2.25,1.56,559.0
Notebook,15.6,1920,1080,2.7,16,2000,2.32,21.2,989.99
Gaming,15.6,1920,1080,2.6,16,1256,1.8,46.7,1929.0
Ultrabook,13.3,1920,1080,2.7,8,256,1.29,4.54,1458.0
2 in 1 Convertible,13.3,1920,1080,2.5,8,256,1.62,4.2,798.01
Gaming,15.6,3840,2160,2.6,16,1256,3.21,30.7,1329.0
Ultrabook,12.0,2304,1440,1.1,8,256,0.92,2.92,1300.0
Notebook,15.6,1366,768,2.3,4,500,2.06,4.2,481.98
Notebook,15.6,1366,768,2.3,4,500,2.31,4.2,1199.0
Ultrabook,12.5,1920,1080,2.3,8,256,1.26,4.2,1199.0
Notebook,13.3,1920,1080,2.7,8,256,1.49,4.54,1090.0
Ultrabook,12.5,1920,1080,2.5,8,256,1.3,4.2,1713.49
Notebook,17.3,1600,900,2.3,8,0,3.0,63.1,659.0
Notebook,15.6,1920,1080,2.3,4,1000,2.3,14.0,977.0
Gaming,17.3,1920,1080,2.8,16,1256,3.78,79.7,2499.0
Notebook,15.6,1366,768,2.3,4,500,2.1,4.2,540.0
Notebook,15.6,1920,1080,2.3,4,500,2.31,4.2,940.0
Ultrabook,12.5,2560,1440,1.2,8,512,0.99,2.92,1399.0
Gaming,17.3,1920,1080,2.7,32,512,4.6,40.6,3240.0
2 in 1 Convertible,10.1,1920,1200,1.44,4,64,0.69,3.18,646.27
Ultrabook,13.3,3840,2160,2.7,16,512,1.3,4.54,2049.0
Notebook,15.6,1920,1080,2.5,8,256,2.18,4.54,750.0
Notebook,14.0,1920,1080,2.3,4,500,1.54,4.2,1030.99
Workstation,15.6,1920,1080,2.5,8,256,1.9,28.2,1495.0
Notebook,14.0,1920,1080,2.3,8,180,1.7,4.2,1199.0
Notebook,13.3,3200,1800,1.5,4,32,1.29,2.92,615.0
Notebook,15.6,1366,768,2.2,4,500,2.4,2.05,387.0
Notebook,15.6,1366,768,1.6,4,500,2.2,1.56,393.49
Notebook,15.6,1366,768,2.0,4,1000,1.86,4.2,345.99
Gaming,17.3,1920,1080,2.8,8,1256,2.7,46.7,1599.0
Ultrabook,13.3,1920,1080,1.6,4,256,1.4,6.64,818.35
Netbook,12.5,1366,768,2.3,4,128,2.4,4.2,1599.0
Notebook,15.6,1920,1080,2.5,8,1256,2.4,14.0,799.0
Notebook,15.6,1920,1080,2.5,8,1000,2.36,21.2,638.8
Gaming,17.3,1920,1080,2.6,8,256,2.6,23.5,1599.0
Notebook,15.6,1366,768,1.6,4,1000,1.96,2.1,500.0
Gaming,17.3,1920,1080,2.6,16,1128,4.3,40.6,2299.0
Ultrabook,12.5,1366,768,2.3,4,500,1.5,4.2,1135.15
Ultrabook,12.5,1366,768,2.3,4,128,1.5,4.2,1166.97
Notebook,15.6,1366,768,1.5,4,16,2.2,1.56,209.0
Gaming,15.6,1920,1080,2.8,16,512,2.4,29.3,1199.0
Ultrabook,12.5,1366,768,2.3,8,256,1.5,4.2,1413.1
Gaming,17.3,1920,1080,2.6,8,1128,2.9,16.4,1511.19
2 in 1 Convertible,15.6,1920,1080,2.3,4,256,2.1,4.2,867.0
Notebook,15.6,1920,1080,2.5,4,1000,2.1,17.5,398.0
Gaming,15.6,1920,1080,2.6,16,1128,2.59,16.4,1339.0
Notebook,13.3,3200,1800,1.1,8,256,1.16,2.92,1699.0
Notebook,15.6,1366,768,2.3,4,500,2.24,17.3,769.15
Notebook,15.6,1366,768,2.0,4,128,2.1,4.2,429.0
Ultrabook,13.3,1920,1080,2.5,8,512,1.16,4.2,1969.0
2 in 1 Convertible,10.1,1920,1200,1.44,4,64,0.69,3.18,549.0
Ultrabook,13.3,1920,1080,2.4,8,256,1.23,7.49,1379.0
Gaming,17.3,1920,1080,2.7,16,256,4.6,40.6,2749.99
Ultrabook,12.5,3840,2160,2.5,8,256,1.25,4.2,1029.0
Ultrabook,13.3,1920,1080,2.7,16,512,1.05,4.54,2226.0
Gaming,17.3,1920,1080,2.6,8,1128,3.52,16.4,1312.49
Notebook,13.3,1920,1080,1.44,4,32,1.35,3.18,196.0
Notebook,13.3,1920,1080,2.3,8,256,1.16,4.2,1690.0
Notebook,14.0,1920,1080,2.3,8,256,1.43,4.2,1513.0
Notebook,15.6,1366,768,2.3,4,500,2.09,4.2,523.63
Notebook,15.6,1366,768,2.4,4,1000,2.0,4.54,435.0
2 in 1 Convertible,14.0,1920,1080,2.5,8,256,1.8,4.2,1669.0
2 in 1 Convertible,10.1,1920,1200,1.44,4,64,0.69,3.18,479.0
Ultrabook,12.5,1366,768,2.4,8,256,1.26,4.2,1895.0
Gaming,15.6,1920,1080,2.5,8,1128,2.4,46.7,989.0
Gaming,17.3,1920,1080,2.3,8,1128,3.35,46.7,1129.0
Notebook,15.6,1366,768,2.7,8,2000,2.04,4.54,629.0
2 in 1 Convertible,14.0,1920,1080,2.6,8,512,1.8,28.5,2050.38
Notebook,14.0,1366,768,1.1,4,32,1.5,3.44,278.0
Ultrabook,15.6,1920,1080,2.7,8,256,1.84,4.54,752.0
Notebook,15.6,1920,1080,2.5,4,1000,2.23,8.62,616.0
Notebook,15.6,1920,1080,2.5,16,0,2.5,27.31,1099.0
Workstation,17.3,1920,1080,2.6,8,256,3.0,51.3,3949.4
Notebook,15.6,1366,768,2.5,8,1000,2.5,21.2,784.0
Gaming,17.3,1920,1080,2.7,16,1256,3.78,40.6,2399.0
Ultrabook,15.6,1920,1080,2.5,8,256,1.88,4.2,2171.72
2 in 1 Convertible,14.0,2560,1440,2.6,16,512,2.8,4.2,2440.0
Gaming,15.6,1920,1080,2.8,8,1128,2.4,25.7,1142.8
2 in 1 Convertible,13.3,1920,1080,2.4,8,256,1.48,4.2,1629.0
Workstation,15.6,1920,1080,2.6,8,256,2.59,53.4,2229.0
2 in 1 Convertible,13.3,2560,1440,2.6,8,256,1.48,4.2,1799.0
Workstation,15.6,1920,1080,2.6,8,256,2.0,53.4,1899.0
Ultrabook,12.5,1920,1080,2.5,8,256,1.26,4.2,2296.95
Notebook,15.6,1920,1080,2.7,8,256,2.18,8.62,1009.9
Notebook,15.6,1920,1080,2.3,8,256,1.88,4.2,1579.0
2 in 1 Convertible,14.0,2560,1440,2.5,8,256,1.27,4.2,2339.0
Notebook,15.6,1366,768,2.0,4,1000,1.9,4.2,339.0
Notebook,15.6,1366,768,1.8,4,500,1.86,12.3,297.0
Notebook,15.6,1920,1080,2.3,8,1000,2.32,63.1,599.0
Gaming,15.6,1920,1080,2.8,8,1000,2.62,29.3,1199.0
Notebook,15.6,3840,2160,2.3,8,256,2.04,16.4,2250.68
Notebook,15.6,1920,1080,2.5,4,256,1.91,4.96,478.89
Gaming,17.3,1920,1080,2.8,16,1256,2.7,29.3,1492.8
Ultrabook,14.0,1920,1080,2.6,12,512,1.4,4.2,2299.0
Notebook,15.6,1920,1080,2.3,8,0,2.5,63.1,788.49
2 in 1 Convertible,13.3,2560,1440,2.6,8,512,1.48,4.2,2041.0
Ultrabook,14.0,1920,1080,2.6,8,256,1.7,4.2,1499.0
Gaming,14.0,1920,1080,2.6,16,1256,1.7,30.7,1769.0
Gaming,15.6,1920,1080,2.8,8,1000,2.62,25.7,899.0
Notebook,15.6,1366,768,2.0,8,1000,2.2,4.2,459.0
Notebook,15.6,1366,768,2.3,4,500,2.1,4.2,476.99
Gaming,15.6,3840,2160,2.8,8,1128,2.62,29.3,1498.0
Notebook,15.6,1920,1080,2.5,8,256,1.95,4.54,1390.0
Notebook,14.0,1366,768,1.6,2,32,1.44,3.18,249.0
Gaming,15.6,1920,1080,2.7,8,1000,2.2,25.7,839.0
Notebook,15.6,1920,1080,2.5,8,256,1.96,4.2,679.0
Notebook,15.6,1920,1080,1.8,16,512,2.1,4.8,1159.0
Notebook,15.6,1366,768,1.6,4,500,2.2,1.56,369.0
Notebook,15.6,1366,768,2.3,4,500,2.1,4.2,398.0
Notebook,15.6,1920,1080,2.7,8,1000,2.2,8.62,709.0
Notebook,14.0,1920,1080,2.4,4,256,2.0,4.54,769.0
Notebook,15.6,1920,1080,2.5,4,0,2.32,4.2,825.0
Gaming,15.6,1920,1080,2.6,16,512,3.31,32.9,1305.0
Gaming,15.6,1920,1080,2.6,16,1128,1.91,30.7,2153.37
Notebook,15.6,1366,768,2.3,4,500,2.07,4.2,650.0
2 in 1 Convertible,14.0,2560,1440,2.3,8,256,1.36,4.2,1637.0
Ultrabook,15.6,1920,1080,2.7,6,256,1.54,5.76,831.0
Notebook,15.6,1920,1080,2.7,8,256,1.98,57.7,895.01
Notebook,15.6,1366,768,2.0,4,500,2.1,3.44,333.0
Notebook,15.6,1920,1080,2.6,6,1000,2.18,16.4,799.0
Gaming,15.6,1920,1080,2.6,8,1256,2.591,16.4,909.0
2 in 1 Convertible,15.6,1920,1080,2.7,16,512,2.09,4.54,1179.0
Notebook,15.6,1920,1080,2.5,4,256,2.23,8.62,691.0
Ultrabook,13.3,3200,1800,2.4,8,256,1.23,4.2,1099.0
Gaming,17.3,1920,1080,2.8,16,1256,4.2,79.7,2599.0
Gaming,15.6,1920,1080,2.5,8,1000,2.4,25.7,819.0
2 in 1 Convertible,12.3,2400,1600,2.0,4,32,1.15,31.5,659.0
Notebook,15.6,1366,768,2.5,4,500,1.86,4.54,485.0
Ultrabook,12.0,2304,1440,1.1,8,256,0.92,2.53,1163.0
2 in 1 Convertible,13.3,1920,1080,2.5,8,256,1.6,4.54,1199.0
Notebook,15.6,1920,1080,2.8,12,1128,2.21,25.7,1327.0
Gaming,17.3,1920,1080,2.6,16,1512,4.3,40.6,2150.0
Notebook,15.6,1366,768,2.0,4,1000,2.1,3.44,272.0
Gaming,17.3,1920,1080,2.8,16,1256,2.43,46.7,2048.9
Notebook,15.6,1366,768,2.0,4,128,2.3,73.1,499.0
Notebook,15.6,1366,768,2.5,8,500,2.2,5.76,629.0
2 in 1 Convertible,15.6,1920,1080,1.8,16,512,2.0,4.8,1285.0
Ultrabook,13.3,3200,1800,2.7,16,512,1.2,4.54,2680.0
Gaming,15.6,1920,1080,2.6,8,1000,2.2,46.7,1169.0
Notebook,15.6,1920,1080,2.5,8,256,2.36,21.2,889.0
Notebook,15.6,1366,768,2.5,8,256,1.91,4.54,579.0
Notebook,15.6,1366,768,2.2,4,500,2.2,12.3,299.0
Notebook,17.3,1600,900,2.0,8,1000,3.3,8.62,629.0
Gaming,15.6,1920,1080,2.8,16,1256,2.2,79.7,2449.0
Ultrabook,12.0,2304,1440,1.2,8,512,0.92,2.92,1279.0
Notebook,15.6,1920,1080,2.8,16,1128,2.2,46.7,1749.0
Gaming,17.3,1920,1080,2.6,16,1256,2.43,46.7,1948.99
2 in 1 Convertible,15.6,1920,1080,2.5,8,256,2.191,4.54,999.0
Gaming,17.3,1920,1080,2.8,16,1256,2.9,46.7,1949.0
Netbook,11.6,1366,768,1.5,2,32,1.3,1.56,174.0
Notebook,17.3,1600,900,2.0,4,1000,3.3,8.62,598.0
Notebook,17.3,1600,900,2.5,8,1000,2.8,4.54,539.0
Gaming,15.6,1920,1080,2.6,8,1128,2.6,32.9,1272.0
2 in 1 Convertible,14.0,1920,1080,1.3,8,256,1.2,3.4,1149.0
Notebook,15.6,1920,1080,2.6,8,256,2.3,4.2,1529.0
Gaming,15.6,1920,1080,2.6,8,1128,2.2,46.7,1476.11
Notebook,15.6,1920,1080,2.7,6,1000,2.1,6.64,529.0
Ultrabook,12.5,1920,1080,2.4,8,256,1.26,4.2,1713.37
2 in 1 Convertible,15.0,1920,1080,2.4,4,500,2.08,4.54,509.0
Notebook,15.6,1366,768,1.6,4,1000,2.65,2.1,309.0
Ultrabook,13.3,3200,1800,2.7,8,256,1.29,4.54,1477.0
Notebook,15.6,1366,768,2.5,4,1000,2.18,4.2,521.86
Gaming,15.6,1920,1080,2.6,16,1128,2.6,16.4,1029.0
Gaming,15.6,1920,1080,2.8,8,1128,2.2,25.7,1149.0
Netbook,12.5,1920,1080,2.5,16,512,1.3,4.2,1650.0
Gaming,14.0,1920,1080,2.8,16,1000,1.95,46.7,3499.0
Notebook,15.6,1366,768,2.4,8,1000,2.3,4.54,469.01
Gaming,17.3,1920,1080,2.8,16,1256,2.7,46.7,1598.0
Ultrabook,11.6,1366,768,1.6,4,256,1.08,5.88,959.0
Notebook,15.6,1920,1080,2.0,4,1000,2.1,4.2,478.0
Ultrabook,14.0,2560,1440,2.5,8,256,1.54,4.2,2198.19
Notebook,15.6,1366,768,2.3,4,500,2.24,4.2,737.0
Gaming,15.6,1920,1080,2.6,8,1128,2.3,16.4,1169.0
Notebook,13.3,1920,1080,2.7,16,512,1.4,4.54,1499.0
Notebook,15.6,1920,1080,3.6,6,256,2.2,6.64,597.57
Ultrabook,13.3,1920,1080,2.5,8,256,1.45,4.2,1280.0
Notebook,15.6,1366,768,2.0,4,500,2.4,4.2,361.8
2 in 1 Convertible,17.3,1920,1080,2.7,16,512,2.77,8.62,1799.0
Notebook,14.0,1920,1080,2.3,4,256,1.54,4.2,1099.99
Gaming,15.6,1920,1080,2.8,16,1256,2.5,29.3,1600.0
Notebook,14.0,1366,768,2.5,4,500,1.6,4.54,875.0
Gaming,15.6,1920,1080,2.6,16,1256,2.34,79.7,2325.0
Notebook,15.6,1920,1080,2.5,8,256,2.3,4.54,573.0
2 in 1 Convertible,13.3,3200,1800,1.2,8,256,1.24,3.4,1813.0
Notebook,15.6,1366,768,1.6,4,500,2.2,1.56,324.0
Notebook,15.6,1366,768,2.5,4,500,1.86,2.31,399.0
Notebook,15.6,1920,1080,2.3,6,128,2.4,5.76,569.0
Notebook,14.0,1920,1080,2.3,8,256,1.9,4.2,1072.0
Notebook,15.6,1366,768,1.6,4,500,2.2,1.56,443.99
Notebook,15.6,1366,768,1.1,4,1000,2.0,3.44,339.0
Gaming,17.3,1920,1080,2.6,16,1128,4.0,30.7,1900.0
Notebook,15.6,1366,768,2.0,4,500,2.29,4.2,490.0
Notebook,15.6,1920,1080,2.5,8,0,2.32,63.1,895.0
Gaming,15.6,1920,1080,2.6,8,1128,2.4,16.4,1229.0
2 in 1 Convertible,14.0,1920,1080,2.3,4,128,1.8,4.2,833.01
Ultrabook,13.3,1920,1080,0.9,8,512,1.2,2.92,729.0
Notebook,15.6,1366,768,2.4,6,1000,2.3,4.54,459.0
Notebook,15.6,1366,768,1.6,4,500,2.4,3.18,289.0
Notebook,15.6,1366,768,1.6,2,500,2.2,1.56,379.0
Notebook,15.6,1920,1080,2.6,8,1000,2.6,16.4,899.0
Notebook,15.6,1920,1080,2.9,6,0,2.04,73.1,549.99
Netbook,11.6,1366,768,1.6,2,32,1.17,3.18,209.0
Notebook,15.6,1366,768,2.5,4,500,2.2,5.76,720.32
2 in 1 Convertible,14.0,1920,1080,2.5,4,128,1.8,4.2,638.0
2 in 1 Convertible,13.3,3200,1800,2.5,16,512,1.3,4.2,1499.0
Notebook,14.0,1366,768,1.6,2,64,1.5,1.56,229.0
Notebook,15.6,1366,768,2.5,6,1000,2.19,63.1,764.0
Notebook,15.6,1366,768,1.6,4,500,2.2,1.56,369.0
Ultrabook,13.3,1920,1080,0.9,8,512,1.2,2.92,729.0
Notebook,15.6,1366,768,2.4,6,1000,2.3,4.54,459.0
Notebook,15.6,1366,768,1.6,4,500,2.4,3.18,289.0
Notebook,15.6,1366,768,1.6,2,500,2.2,1.56,379.0
Notebook,15.6,1920,1080,2.6,8,1000,2.6,16.4,899.0
Notebook,15.6,1920,1080,2.9,6,0,2.04,73.1,549.99
Netbook,11.6,1366,768,1.6,2,32,1.17,3.18,209.0
Notebook,15.6,1366,768,2.5,4,500,2.2,5.76,720.32
2 in 1 Convertible,14.0,1920,1080,2.5,4,128,1.8,4.2,638.0
2 in 1 Convertible,13.3,3200,1800,2.5,16,512,1.3,4.2,1499.0
Notebook,14.0,1366,768,1.6,2,64,1.5,1.56,229.0
Notebook,15.6,1366,768,2.5,6,1000,2.19,63.1,764.0
Notebook,15.6,1366,768,1.6,4,500,2.2,1.56,369.0
Ultrabook,13.3,1920,1080,0.9,8,512,1.2,2.92,729.0
Notebook,15.6,1366,768,2.4,6,1000,2.3,4.54,459.0
Notebook,15.6,1366,768,1.6,4,500,2.4,3.18,289.0
Notebook,15.6,1366,768,1.6,2,500,2.2,1.56,379.0
Notebook,15.6,1920,1080,2.6,8,1000,2.6,16.4,899.0
Notebook,15.6,1920,1080,2.9,6,0,2.04,73.1,549.99
Netbook,11.6,1366,768,1.6,2,32,1.17,3.18,209.0
Notebook,15.6,1366,768,2.5,4,500,2.2,5.76,720.32
2 in 1 Convertible,14.0,1920,1080,2.5,4,128,1.8,4.2,638.0
2 in 1 Convertible,13.3,3200,1800,2.5,16,512,1.3,4.2,1499.0
Notebook,14.0,1366,768,1.6,2,64,1.5,1.56,229.0
Notebook,15.6,1366,768,2.5,6,1000,2.19,63.1,764.0
Notebook,15.6,1366,768,1.6,4,500,2.2,1.56,369.0
